playerID,image_url,name,source_group,bbref_url,image_source,mlbam_id
judgeaa01,"https://img.mlbstatic.com/mlb-photos/image/upload/d_people:generic:headshot:67:current.png/w_426,q_auto:best/v1/people/592450/headshot/67/current",Aaron Judge,Active Hall,https://www.baseball-reference.com/players/j/judgeaa01.shtml,MLB,592450
jossad01,"https://img.mlbstatic.com/mlb-photos/image/upload/d_people:generic:headshot:67:current.png/w_426,q_auto:best/v1/people/116772/headshot/67/current",Addie Joss,Official Hall,https://www.baseball-reference.com/players/j/jossad01.shtml,MLB,116772
beltrad01,"https://img.mlbstatic.com/mlb-photos/image/upload/d_people:generic:headshot:67:current.png/w_426,q_auto:best/v1/people/134181/headshot/67/current",Adrian Beltre,Official Hall,https://www.baseball-reference.com/players/b/beltrad01.shtml,MLB,134181
kalinal01,"https://img.mlbstatic.com/mlb-photos/image/upload/d_people:generic:headshot:67:current.png/w_426,q_auto:best/v1/people/116822/headshot/67/current",Al Kaline,Official Hall,https://www.baseball-reference.com/players/k/kalinal01.shtml,MLB,116822
simmoal01,"https://img.mlbstatic.com/mlb-photos/image/upload/d_people:generic:headshot:67:current.png/w_426,q_auto:best/v1/people/122240/headshot/67/current",Al Simmons,Official Hall,https://www.baseball-reference.com/players/s/simmoal01.shtml,MLB,122240
spaldal01,"https://img.mlbstatic.com/mlb-photos/image/upload/d_people:generic:headshot:67:current.png/w_426,q_auto:best/v1/people/122558/headshot/67/current",Al Spalding,Passed-Over Players,https://www.baseball-reference.com/players/s/spaldal01.shtml,MLB,122558
trammal01,"https://img.mlbstatic.com/mlb-photos/image/upload/d_people:generic:headshot:67:current.png/w_426,q_auto:best/v1/people/123437/headshot/67/current",Alan Trammell,Official Hall,https://www.baseball-reference.com/players/t/trammal01.shtml,MLB,123437
pujolal01,"https://img.mlbstatic.com/mlb-photos/image/upload/d_people:generic:headshot:67:current.png/w_426,q_auto:best/v1/people/405395/headshot/67/current",Albert Pujols,Hall Ledger Addition,https://www.baseball-reference.com/players/p/pujolal01.shtml,MLB,405395
rodrial01,"https://img.mlbstatic.com/mlb-photos/image/upload/d_people:generic:headshot:67:current.png/w_426,q_auto:best/v1/people/121347/headshot/67/current",Alex Rodriguez,Hall Ledger Addition,https://www.baseball-reference.com/players/r/rodrial01.shtml,MLB,121347
rusieam01,"https://img.mlbstatic.com/mlb-photos/image/upload/d_people:generic:headshot:67:current.png/w_426,q_auto:best/v1/people/121559/headshot/67/current",Amos Rusie,Official Hall,https://www.baseball-reference.com/players/r/rusieam01.shtml,MLB,121559
dawsoan01,"https://img.mlbstatic.com/mlb-photos/image/upload/d_people:generic:headshot:67:current.png/w_426,q_auto:best/v1/people/113151/headshot/67/current",Andre Dawson,Official Hall,https://www.baseball-reference.com/players/d/dawsoan01.shtml,MLB,113151
mccutan01,"https://img.mlbstatic.com/mlb-photos/image/upload/d_people:generic:headshot:67:current.png/w_426,q_auto:best/v1/people/457705/headshot/67/current",Andrew McCutchen,Active Inductions,https://www.baseball-reference.com/players/m/mccutan01.shtml,MLB,457705
jonesan01,"https://img.mlbstatic.com/mlb-photos/image/upload/d_people:generic:headshot:67:current.png/w_426,q_auto:best/v1/people/116662/headshot/67/current",Andruw Jones,Official Hall,https://www.baseball-reference.com/players/j/jonesan01.shtml,MLB,116662
coopean99,"https://img.mlbstatic.com/mlb-photos/image/upload/d_people:generic:headshot:67:current.png/w_426,q_auto:best/v1/people/819990/headshot/67/current",Andy Cooper,Official Hall,https://www.baseball-reference.com/players/c/coopean99.shtml,MLB,819990
vaughar01,"https://img.mlbstatic.com/mlb-photos/image/upload/d_people:generic:headshot:67:current.png/w_426,q_auto:best/v1/people/123671/headshot/67/current",Arky Vaughan,Official Hall,https://www.baseball-reference.com/players/v/vaughar01.shtml,MLB,123671
chapmar01,"https://img.mlbstatic.com/mlb-photos/image/upload/d_people:generic:headshot:67:current.png/w_426,q_auto:best/v1/people/547973/headshot/67/current",Aroldis Chapman,Active Hall,https://www.baseball-reference.com/players/c/chapmar01.shtml,MLB,547973
ruthba01,"https://img.mlbstatic.com/mlb-photos/image/upload/d_people:generic:headshot:67:current.png/w_426,q_auto:best/v1/people/121578/headshot/67/current",Babe Ruth,Official Hall,https://www.baseball-reference.com/players/r/ruthba01.shtml,MLB,121578
bondsba01,"https://img.mlbstatic.com/mlb-photos/image/upload/d_people:generic:headshot:67:current.png/w_426,q_auto:best/v1/people/111188/headshot/67/current",Barry Bonds,Hall Ledger Addition,https://www.baseball-reference.com/players/b/bondsba01.shtml,MLB,111188
larkiba01,"https://img.mlbstatic.com/mlb-photos/image/upload/d_people:generic:headshot:67:current.png/w_426,q_auto:best/v1/people/117501/headshot/67/current",Barry Larkin,Official Hall,https://www.baseball-reference.com/players/l/larkiba01.shtml,MLB,117501
taylobe99,"https://img.mlbstatic.com/mlb-photos/image/upload/d_people:generic:headshot:67:current.png/w_426,q_auto:best/v1/people/817021/headshot/67/current",Ben Taylor,Official Hall,https://www.baseball-reference.com/players/t/taylobe99.shtml,MLB,817021
zobribe01,"https://img.mlbstatic.com/mlb-photos/image/upload/d_people:generic:headshot:67:current.png/w_426,q_auto:best/v1/people/450314/headshot/67/current",Ben Zobrist,Passed-Over Players,https://www.baseball-reference.com/players/z/zobribe01.shtml,MLB,450314
blylebe01,"https://img.mlbstatic.com/mlb-photos/image/upload/d_people:generic:headshot:67:current.png/w_426,q_auto:best/v1/people/111126/headshot/67/current",Bert Blyleven,Official Hall,https://www.baseball-reference.com/players/b/blylebe01.shtml,MLB,111126
mcphebi01,"https://img.mlbstatic.com/mlb-photos/image/upload/d_people:generic:headshot:67:current.png/w_426,q_auto:best/v1/people/118860/headshot/67/current",Bid McPhee,Official Hall,https://www.baseball-reference.com/players/m/mcphebi01.shtml,MLB,118860
dahlebi01,"https://img.mlbstatic.com/mlb-photos/image/upload/d_people:generic:headshot:67:current.png/w_426,q_auto:best/v1/people/112991/headshot/67/current",Bill Dahlen,Passed-Over Players,https://www.baseball-reference.com/players/d/dahlebi01.shtml,MLB,112991
dickebi01,"https://img.mlbstatic.com/mlb-photos/image/upload/d_people:generic:headshot:67:current.png/w_426,q_auto:best/v1/people/113340/headshot/67/current",Bill Dickey,Official Hall,https://www.baseball-reference.com/players/d/dickebi01.shtml,MLB,113340
mazerbi01,"https://img.mlbstatic.com/mlb-photos/image/upload/d_people:generic:headshot:67:current.png/w_426,q_auto:best/v1/people/118497/headshot/67/current",Bill Mazeroski,Official Hall,https://www.baseball-reference.com/players/m/mazerbi01.shtml,MLB,118497
terrybi01,"https://img.mlbstatic.com/mlb-photos/image/upload/d_people:generic:headshot:67:current.png/w_426,q_auto:best/v1/people/123203/headshot/67/current",Bill Terry,Official Hall,https://www.baseball-reference.com/players/t/terrybi01.shtml,MLB,123203
hamilbi01,"https://img.mlbstatic.com/mlb-photos/image/upload/d_people:generic:headshot:67:current.png/w_426,q_auto:best/v1/people/571740/headshot/67/current",Billy Hamilton,Official Hall,https://www.baseball-reference.com/players/h/hamilbi01.shtml,MLB,571740
hermabi01,"https://img.mlbstatic.com/mlb-photos/image/upload/d_people:generic:headshot:67:current.png/w_426,q_auto:best/v1/people/115809/headshot/67/current",Billy Herman,Official Hall,https://www.baseball-reference.com/players/h/hermabi01.shtml,MLB,115809
wagnebi02,"https://img.mlbstatic.com/mlb-photos/image/upload/d_people:generic:headshot:67:current.png/w_426,q_auto:best/v1/people/123790/headshot/67/current",Billy Wagner,Official Hall,https://www.baseball-reference.com/players/w/wagnebi02.shtml,MLB,123790
willibi01,"https://img.mlbstatic.com/mlb-photos/image/upload/d_people:generic:headshot:67:current.png/w_426,q_auto:best/v1/people/124290/headshot/67/current",Billy Williams,Official Hall,https://www.baseball-reference.com/players/w/willibi01.shtml,MLB,124290
mackebi99,"https://img.mlbstatic.com/mlb-photos/image/upload/d_people:generic:headshot:67:current.png/w_426,q_auto:best/v1/people/818393/headshot/67/current",Biz Mackey,Official Hall,https://www.baseball-reference.com/players/m/mackebi99.shtml,MLB,818393
fellebo01,"https://img.mlbstatic.com/mlb-photos/image/upload/d_people:generic:headshot:67:current.png/w_426,q_auto:best/v1/people/114055/headshot/67/current",Bob Feller,Official Hall,https://www.baseball-reference.com/players/f/fellebo01.shtml,MLB,114055
gibsobo01,"https://img.mlbstatic.com/mlb-photos/image/upload/d_people:generic:headshot:67:current.png/w_426,q_auto:best/v1/people/114756/headshot/67/current",Bob Gibson,Official Hall,https://www.baseball-reference.com/players/g/gibsobo01.shtml,MLB,114756
lemonbo01,"https://img.mlbstatic.com/mlb-photos/image/upload/d_people:generic:headshot:67:current.png/w_426,q_auto:best/v1/people/117671/headshot/67/current",Bob Lemon,Official Hall,https://www.baseball-reference.com/players/l/lemonbo01.shtml,MLB,117671
abreubo01,"https://img.mlbstatic.com/mlb-photos/image/upload/d_people:generic:headshot:67:current.png/w_426,q_auto:best/v1/people/110029/headshot/67/current",Bobby Abreu,Passed-Over Players,https://www.baseball-reference.com/players/a/abreubo01.shtml,MLB,110029
bondsbo01,"https://img.mlbstatic.com/mlb-photos/image/upload/d_people:generic:headshot:67:current.png/w_426,q_auto:best/v1/people/111189/headshot/67/current",Bobby Bonds,Passed-Over Players,https://www.baseball-reference.com/players/b/bondsbo01.shtml,MLB,111189
doerrbo01,"https://img.mlbstatic.com/mlb-photos/image/upload/d_people:generic:headshot:67:current.png/w_426,q_auto:best/v1/people/113419/headshot/67/current",Bobby Doerr,Official Hall,https://www.baseball-reference.com/players/d/doerrbo01.shtml,MLB,113419
grichbo01,"https://img.mlbstatic.com/mlb-photos/image/upload/d_people:generic:headshot:67:current.png/w_426,q_auto:best/v1/people/115130/headshot/67/current",Bobby Grich,Passed-Over Players,https://www.baseball-reference.com/players/g/grichbo01.shtml,MLB,115130
wallabo01,"https://img.mlbstatic.com/mlb-photos/image/upload/d_people:generic:headshot:67:current.png/w_426,q_auto:best/v1/people/123864/headshot/67/current",Bobby Wallace,Official Hall,https://www.baseball-reference.com/players/w/wallabo01.shtml,MLB,123864
saberbr01,"https://img.mlbstatic.com/mlb-photos/image/upload/d_people:generic:headshot:67:current.png/w_426,q_auto:best/v1/people/121604/headshot/67/current",Bret Saberhagen,Passed-Over Players,https://www.baseball-reference.com/players/s/saberbr01.shtml,MLB,121604
robinbr01,"https://img.mlbstatic.com/mlb-photos/image/upload/d_people:generic:headshot:67:current.png/w_426,q_auto:best/v1/people/121301/headshot/67/current",Brooks Robinson,Official Hall,https://www.baseball-reference.com/players/r/robinbr01.shtml,MLB,121301
suttebr01,"https://img.mlbstatic.com/mlb-photos/image/upload/d_people:generic:headshot:67:current.png/w_426,q_auto:best/v1/people/123004/headshot/67/current",Bruce Sutter,Official Hall,https://www.baseball-reference.com/players/s/suttebr01.shtml,MLB,123004
harpebr03,"https://img.mlbstatic.com/mlb-photos/image/upload/d_people:generic:headshot:67:current.png/w_426,q_auto:best/v1/people/547180/headshot/67/current",Bryce Harper,Active Hall,https://www.baseball-reference.com/players/h/harpebr03.shtml,MLB,547180
ewingbu01,"https://img.mlbstatic.com/mlb-photos/image/upload/d_people:generic:headshot:67:current.png/w_426,q_auto:best/v1/people/113959/headshot/67/current",Buck Ewing,Official Hall,https://www.baseball-reference.com/players/e/ewingbu01.shtml,MLB,113959
leonabu99,"https://img.mlbstatic.com/mlb-photos/image/upload/d_people:generic:headshot:67:current.png/w_426,q_auto:best/v1/people/818520/headshot/67/current",Buck Leonard,Official Hall,https://www.baseball-reference.com/players/l/leonabu99.shtml,MLB,818520
roganbu99,https://upload.wikimedia.org/wikipedia/commons/a/aa/Bullet_Joe_Rogan_1924.jpg,Bullet Rogan,Official Hall,https://www.baseball-reference.com/players/r/roganbu99.shtml,Wikimedia,NA
grimebu01,"https://img.mlbstatic.com/mlb-photos/image/upload/d_people:generic:headshot:67:current.png/w_426,q_auto:best/v1/people/115162/headshot/67/current",Burleigh Grimes,Official Hall,https://www.baseball-reference.com/players/g/grimebu01.shtml,MLB,115162
poseybu01,"https://img.mlbstatic.com/mlb-photos/image/upload/d_people:generic:headshot:67:current.png/w_426,q_auto:best/v1/people/457763/headshot/67/current",Buster Posey,Passed-Over Players,https://www.baseball-reference.com/players/p/poseybu01.shtml,MLB,457763
sabatcc01,"https://img.mlbstatic.com/mlb-photos/image/upload/d_people:generic:headshot:67:current.png/w_426,q_auto:best/v1/people/282332/headshot/67/current",CC Sabathia,Official Hall,https://www.baseball-reference.com/players/s/sabatcc01.shtml,MLB,282332
ripkeca01,"https://img.mlbstatic.com/mlb-photos/image/upload/d_people:generic:headshot:67:current.png/w_426,q_auto:best/v1/people/121222/headshot/67/current",Cal Ripken,Official Hall,https://www.baseball-reference.com/players/r/ripkeca01.shtml,MLB,121222
ansonca01,"https://img.mlbstatic.com/mlb-photos/image/upload/d_people:generic:headshot:67:current.png/w_426,q_auto:best/v1/people/110284/headshot/67/current",Cap Anson,Official Hall,https://www.baseball-reference.com/players/a/ansonca01.shtml,MLB,110284
hubbeca01,"https://img.mlbstatic.com/mlb-photos/image/upload/d_people:generic:headshot:67:current.png/w_426,q_auto:best/v1/people/116249/headshot/67/current",Carl Hubbell,Official Hall,https://www.baseball-reference.com/players/h/hubbeca01.shtml,MLB,116249
yastrca01,"https://img.mlbstatic.com/mlb-photos/image/upload/d_people:generic:headshot:67:current.png/w_426,q_auto:best/v1/people/124650/headshot/67/current",Carl Yastrzemski,Official Hall,https://www.baseball-reference.com/players/y/yastrca01.shtml,MLB,124650
beltrca01,"https://img.mlbstatic.com/mlb-photos/image/upload/d_people:generic:headshot:67:current.png/w_426,q_auto:best/v1/people/136860/headshot/67/current",Carlos Beltran,Official Hall,https://www.baseball-reference.com/players/b/beltrca01.shtml,MLB,136860
delgaca01,"https://img.mlbstatic.com/mlb-photos/image/upload/d_people:generic:headshot:67:current.png/w_426,q_auto:best/v1/people/113232/headshot/67/current",Carlos Delgado,Passed-Over Players,https://www.baseball-reference.com/players/d/delgaca01.shtml,MLB,113232
fiskca01,"https://img.mlbstatic.com/mlb-photos/image/upload/d_people:generic:headshot:67:current.png/w_426,q_auto:best/v1/people/114182/headshot/67/current",Carlton Fisk,Official Hall,https://www.baseball-reference.com/players/f/fiskca01.shtml,MLB,114182
hunteca01,"https://img.mlbstatic.com/mlb-photos/image/upload/d_people:generic:headshot:67:current.png/w_426,q_auto:best/v1/people/116334/headshot/67/current",Catfish Hunter,Official Hall,https://www.baseball-reference.com/players/h/hunteca01.shtml,MLB,116334
bendech01,"https://img.mlbstatic.com/mlb-photos/image/upload/d_people:generic:headshot:67:current.png/w_426,q_auto:best/v1/people/110850/headshot/67/current",Charles Bender,Official Hall,https://www.baseball-reference.com/players/b/bendech01.shtml,MLB,110850
gehrich01,"https://img.mlbstatic.com/mlb-photos/image/upload/d_people:generic:headshot:67:current.png/w_426,q_auto:best/v1/people/114682/headshot/67/current",Charlie Gehringer,Official Hall,https://www.baseball-reference.com/players/g/gehrich01.shtml,MLB,114682
utleych01,"https://img.mlbstatic.com/mlb-photos/image/upload/d_people:generic:headshot:67:current.png/w_426,q_auto:best/v1/people/400284/headshot/67/current",Chase Utley,Passed-Over Players,https://www.baseball-reference.com/players/u/utleych01.shtml,MLB,400284
lemonch01,"https://img.mlbstatic.com/mlb-photos/image/upload/d_people:generic:headshot:67:current.png/w_426,q_auto:best/v1/people/117669/headshot/67/current",Chet Lemon,Passed-Over Players,https://www.baseball-reference.com/players/l/lemonch01.shtml,MLB,117669
hafeych01,"https://img.mlbstatic.com/mlb-photos/image/upload/d_people:generic:headshot:67:current.png/w_426,q_auto:best/v1/people/115295/headshot/67/current",Chick Hafey,Official Hall,https://www.baseball-reference.com/players/h/hafeych01.shtml,MLB,115295
jonesch06,"https://img.mlbstatic.com/mlb-photos/image/upload/d_people:generic:headshot:67:current.png/w_426,q_auto:best/v1/people/116706/headshot/67/current",Chipper Jones,Official Hall,https://www.baseball-reference.com/players/j/jonesch06.shtml,MLB,116706
salech01,"https://img.mlbstatic.com/mlb-photos/image/upload/d_people:generic:headshot:67:current.png/w_426,q_auto:best/v1/people/519242/headshot/67/current",Chris Sale,Active Hall,https://www.baseball-reference.com/players/s/salech01.shtml,MLB,519242
mathech01,"https://img.mlbstatic.com/mlb-photos/image/upload/d_people:generic:headshot:67:current.png/w_426,q_auto:best/v1/people/118422/headshot/67/current",Christy Mathewson,Official Hall,https://www.baseball-reference.com/players/m/mathech01.shtml,MLB,118422
kleinch01,"https://img.mlbstatic.com/mlb-photos/image/upload/d_people:generic:headshot:67:current.png/w_426,q_auto:best/v1/people/117141/headshot/67/current",Chuck Klein,Official Hall,https://www.baseball-reference.com/players/k/kleinch01.shtml,MLB,117141
griffcl01,"https://img.mlbstatic.com/mlb-photos/image/upload/d_people:generic:headshot:67:current.png/w_426,q_auto:best/v1/people/115150/headshot/67/current",Clark Griffith,Official Hall,https://www.baseball-reference.com/players/g/griffcl01.shtml,MLB,115150
kershcl01,"https://img.mlbstatic.com/mlb-photos/image/upload/d_people:generic:headshot:67:current.png/w_426,q_auto:best/v1/people/477132/headshot/67/current",Clayton Kershaw,Hall Ledger Addition,https://www.baseball-reference.com/players/k/kershcl01.shtml,MLB,477132
hamelco01,"https://img.mlbstatic.com/mlb-photos/image/upload/d_people:generic:headshot:67:current.png/w_426,q_auto:best/v1/people/430935/headshot/67/current",Cole Hamels,Passed-Over Players,https://www.baseball-reference.com/players/h/hamelco01.shtml,MLB,430935
bellco99,"https://img.mlbstatic.com/mlb-photos/image/upload/d_people:generic:headshot:67:current.png/w_426,q_auto:best/v1/people/492555/headshot/67/current",Cool Papa Bell,Official Hall,https://www.baseball-reference.com/players/b/bellco99.shtml,MLB,492555
seageco01,"https://img.mlbstatic.com/mlb-photos/image/upload/d_people:generic:headshot:67:current.png/w_426,q_auto:best/v1/people/608369/headshot/67/current",Corey Seager,Active Hall,https://www.baseball-reference.com/players/s/seageco01.shtml,MLB,608369
biggicr01,"https://img.mlbstatic.com/mlb-photos/image/upload/d_people:generic:headshot:67:current.png/w_426,q_auto:best/v1/people/110987/headshot/67/current",Craig Biggio,Official Hall,https://www.baseball-reference.com/players/b/biggicr01.shtml,MLB,110987
kimbrcr01,"https://img.mlbstatic.com/mlb-photos/image/upload/d_people:generic:headshot:67:current.png/w_426,q_auto:best/v1/people/518886/headshot/67/current",Craig Kimbrel,Active Inductions,https://www.baseball-reference.com/players/k/kimbrcr01.shtml,MLB,518886
torricr99,"https://img.mlbstatic.com/mlb-photos/image/upload/d_people:generic:headshot:67:current.png/w_426,q_auto:best/v1/people/506640/headshot/67/current",Cristóbal Torriente,Official Hall,https://www.baseball-reference.com/players/t/torricr99.shtml,MLB,506640
schilcu01,"https://img.mlbstatic.com/mlb-photos/image/upload/d_people:generic:headshot:67:current.png/w_426,q_auto:best/v1/people/121811/headshot/67/current",Curt Schilling,Hall Ledger Addition,https://www.baseball-reference.com/players/s/schilcu01.shtml,MLB,121811
youngcy01,"https://img.mlbstatic.com/mlb-photos/image/upload/d_people:generic:headshot:67:current.png/w_426,q_auto:best/v1/people/124692/headshot/67/current",Cy Young,Official Hall,https://www.baseball-reference.com/players/y/youngcy01.shtml,MLB,124692
murphda05,"https://img.mlbstatic.com/mlb-photos/image/upload/d_people:generic:headshot:67:current.png/w_426,q_auto:best/v1/people/119545/headshot/67/current",Dale Murphy,Passed-Over Players,https://www.baseball-reference.com/players/m/murphda05.shtml,MLB,119545
broutda01,"https://img.mlbstatic.com/mlb-photos/image/upload/d_people:generic:headshot:67:current.png/w_426,q_auto:best/v1/people/111524/headshot/67/current",Dan Brouthers,Official Hall,https://www.baseball-reference.com/players/b/broutda01.shtml,MLB,111524
bancrda01,"https://img.mlbstatic.com/mlb-photos/image/upload/d_people:generic:headshot:67:current.png/w_426,q_auto:best/v1/people/110524/headshot/67/current",Dave Bancroft,Official Hall,https://www.baseball-reference.com/players/b/bancrda01.shtml,MLB,110524
parkeda01,"https://img.mlbstatic.com/mlb-photos/image/upload/d_people:generic:headshot:67:current.png/w_426,q_auto:best/v1/people/120225/headshot/67/current",Dave Parker,Official Hall,https://www.baseball-reference.com/players/p/parkeda01.shtml,MLB,120225
stiebda01,"https://img.mlbstatic.com/mlb-photos/image/upload/d_people:generic:headshot:67:current.png/w_426,q_auto:best/v1/people/122791/headshot/67/current",Dave Stieb,Passed-Over Players,https://www.baseball-reference.com/players/s/stiebda01.shtml,MLB,122791
winfida01,"https://img.mlbstatic.com/mlb-photos/image/upload/d_people:generic:headshot:67:current.png/w_426,q_auto:best/v1/people/124448/headshot/67/current",Dave Winfield,Official Hall,https://www.baseball-reference.com/players/w/winfida01.shtml,MLB,124448
ortizda01,"https://img.mlbstatic.com/mlb-photos/image/upload/d_people:generic:headshot:67:current.png/w_426,q_auto:best/v1/people/120074/headshot/67/current",David Ortiz,Official Hall,https://www.baseball-reference.com/players/o/ortizda01.shtml,MLB,120074
wrightda03,"https://img.mlbstatic.com/mlb-photos/image/upload/d_people:generic:headshot:67:current.png/w_426,q_auto:best/v1/people/431151/headshot/67/current",David Wright,Passed-Over Players,https://www.baseball-reference.com/players/w/wrighda03.shtml,MLB,431151
vanceda01,"https://img.mlbstatic.com/mlb-photos/image/upload/d_people:generic:headshot:67:current.png/w_426,q_auto:best/v1/people/123630/headshot/67/current",Dazzy Vance,Official Hall,https://www.baseball-reference.com/players/v/vanceda01.shtml,MLB,123630
whitede01,"https://img.mlbstatic.com/mlb-photos/image/upload/d_people:generic:headshot:67:current.png/w_426,q_auto:best/v1/people/124175/headshot/67/current",Deacon White,Official Hall,https://www.baseball-reference.com/players/w/whitede01.shtml,MLB,124175
eckerde01,"https://img.mlbstatic.com/mlb-photos/image/upload/d_people:generic:headshot:67:current.png/w_426,q_auto:best/v1/people/113726/headshot/67/current",Dennis Eckersley,Official Hall,https://www.baseball-reference.com/players/e/eckerde01.shtml,MLB,113726
jeterde01,"https://img.mlbstatic.com/mlb-photos/image/upload/d_people:generic:headshot:67:current.png/w_426,q_auto:best/v1/people/116539/headshot/67/current",Derek Jeter,Official Hall,https://www.baseball-reference.com/players/j/jeterde01.shtml,MLB,116539
allendi01,"https://img.mlbstatic.com/mlb-photos/image/upload/d_people:generic:headshot:67:current.png/w_426,q_auto:best/v1/people/110157/headshot/67/current",Dick Allen,Official Hall,https://www.baseball-reference.com/players/a/allendi01.shtml,MLB,110157
deandi01,"https://img.mlbstatic.com/mlb-photos/image/upload/d_people:generic:headshot:67:current.png/w_426,q_auto:best/v1/people/113168/headshot/67/current",Dizzy Dean,Official Hall,https://www.baseball-reference.com/players/d/deandi01.shtml,MLB,113168
drysddo01,"https://img.mlbstatic.com/mlb-photos/image/upload/d_people:generic:headshot:67:current.png/w_426,q_auto:best/v1/people/113581/headshot/67/current",Don Drysdale,Official Hall,https://www.baseball-reference.com/players/d/drysddo01.shtml,MLB,113581
suttodo01,"https://img.mlbstatic.com/mlb-photos/image/upload/d_people:generic:headshot:67:current.png/w_426,q_auto:best/v1/people/123006/headshot/67/current",Don Sutton,Official Hall,https://www.baseball-reference.com/players/s/suttodo01.shtml,MLB,123006
snidedu01,"https://img.mlbstatic.com/mlb-photos/image/upload/d_people:generic:headshot:67:current.png/w_426,q_auto:best/v1/people/122488/headshot/67/current",Duke Snider,Official Hall,https://www.baseball-reference.com/players/s/snidedu01.shtml,MLB,122488
pedrodu01,"https://img.mlbstatic.com/mlb-photos/image/upload/d_people:generic:headshot:67:current.png/w_426,q_auto:best/v1/people/456030/headshot/67/current",Dustin Pedroia,Passed-Over Players,https://www.baseball-reference.com/players/p/pedrodu01.shtml,MLB,456030
evansdw01,"https://img.mlbstatic.com/mlb-photos/image/upload/d_people:generic:headshot:67:current.png/w_426,q_auto:best/v1/people/113936/headshot/67/current",Dwight Evans,Passed-Over Players,https://www.baseball-reference.com/players/e/evansdw01.shtml,MLB,113936
goodedw01,"https://img.mlbstatic.com/mlb-photos/image/upload/d_people:generic:headshot:67:current.png/w_426,q_auto:best/v1/people/114947/headshot/67/current",Dwight Gooden,Passed-Over Players,https://www.baseball-reference.com/players/g/goodedw01.shtml,MLB,114947
averiea01,"https://img.mlbstatic.com/mlb-photos/image/upload/d_people:generic:headshot:67:current.png/w_426,q_auto:best/v1/people/110395/headshot/67/current",Earl Averill,Official Hall,https://www.baseball-reference.com/players/a/averiea01.shtml,MLB,110395
combsea01,"https://img.mlbstatic.com/mlb-photos/image/upload/d_people:generic:headshot:67:current.png/w_426,q_auto:best/v1/people/112533/headshot/67/current",Earle Combs,Official Hall,https://www.baseball-reference.com/players/c/combsea01.shtml,MLB,112533
wynnea01,"https://img.mlbstatic.com/mlb-photos/image/upload/d_people:generic:headshot:67:current.png/w_426,q_auto:best/v1/people/124633/headshot/67/current",Early Wynn,Official Hall,https://www.baseball-reference.com/players/w/wynnea01.shtml,MLB,124633
delahed01,"https://img.mlbstatic.com/mlb-photos/image/upload/d_people:generic:headshot:67:current.png/w_426,q_auto:best/v1/people/113218/headshot/67/current",Ed Delahanty,Official Hall,https://www.baseball-reference.com/players/d/delahed01.shtml,MLB,113218
walshed01,"https://img.mlbstatic.com/mlb-photos/image/upload/d_people:generic:headshot:67:current.png/w_426,q_auto:best/v1/people/123878/headshot/67/current",Ed Walsh,Official Hall,https://www.baseball-reference.com/players/w/walshed01.shtml,MLB,123878
roushed01,"https://img.mlbstatic.com/mlb-photos/image/upload/d_people:generic:headshot:67:current.png/w_426,q_auto:best/v1/people/121497/headshot/67/current",Edd Roush,Official Hall,https://www.baseball-reference.com/players/r/roushed01.shtml,MLB,121497
cicoted01,"https://img.mlbstatic.com/mlb-photos/image/upload/d_people:generic:headshot:67:current.png/w_426,q_auto:best/v1/people/112288/headshot/67/current",Eddie Cicotte,Passed-Over Players,https://www.baseball-reference.com/players/c/cicoted01.shtml,MLB,112288
collied01,"https://img.mlbstatic.com/mlb-photos/image/upload/d_people:generic:headshot:67:current.png/w_426,q_auto:best/v1/people/112505/headshot/67/current",Eddie Collins,Official Hall,https://www.baseball-reference.com/players/c/collied01.shtml,MLB,112505
matheed01,"https://img.mlbstatic.com/mlb-photos/image/upload/d_people:generic:headshot:67:current.png/w_426,q_auto:best/v1/people/118416/headshot/67/current",Eddie Mathews,Official Hall,https://www.baseball-reference.com/players/m/matheed01.shtml,MLB,118416
murraed02,"https://img.mlbstatic.com/mlb-photos/image/upload/d_people:generic:headshot:67:current.png/w_426,q_auto:best/v1/people/119579/headshot/67/current",Eddie Murray,Official Hall,https://www.baseball-reference.com/players/m/murraed02.shtml,MLB,119579
planked01,"https://img.mlbstatic.com/mlb-photos/image/upload/d_people:generic:headshot:67:current.png/w_426,q_auto:best/v1/people/120616/headshot/67/current",Eddie Plank,Official Hall,https://www.baseball-reference.com/players/p/planked01.shtml,MLB,120616
martied01,"https://img.mlbstatic.com/mlb-photos/image/upload/d_people:generic:headshot:67:current.png/w_426,q_auto:best/v1/people/118365/headshot/67/current",Edgar Martinez,Official Hall,https://www.baseball-reference.com/players/m/martied01.shtml,MLB,118365
flickel01,"https://img.mlbstatic.com/mlb-photos/image/upload/d_people:generic:headshot:67:current.png/w_426,q_auto:best/v1/people/114241/headshot/67/current",Elmer Flick,Official Hall,https://www.baseball-reference.com/players/f/flickel01.shtml,MLB,114241
slaugen01,"https://img.mlbstatic.com/mlb-photos/image/upload/d_people:generic:headshot:67:current.png/w_426,q_auto:best/v1/people/122319/headshot/67/current",Enos Slaughter,Official Hall,https://www.baseball-reference.com/players/s/slaugen01.shtml,MLB,122319
rixeyep01,"https://img.mlbstatic.com/mlb-photos/image/upload/d_people:generic:headshot:67:current.png/w_426,q_auto:best/v1/people/121255/headshot/67/current",Eppa Rixey,Official Hall,https://www.baseball-reference.com/players/r/rixeyep01.shtml,MLB,121255
bankser01,"https://img.mlbstatic.com/mlb-photos/image/upload/d_people:generic:headshot:67:current.png/w_426,q_auto:best/v1/people/110533/headshot/67/current",Ernie Banks,Official Hall,https://www.baseball-reference.com/players/b/bankser01.shtml,MLB,110533
lombaer01,"https://img.mlbstatic.com/mlb-photos/image/upload/d_people:generic:headshot:67:current.png/w_426,q_auto:best/v1/people/117880/headshot/67/current",Ernie Lombardi,Official Hall,https://www.baseball-reference.com/players/l/lombaer01.shtml,MLB,117880
hernafe02,"https://img.mlbstatic.com/mlb-photos/image/upload/d_people:generic:headshot:67:current.png/w_426,q_auto:best/v1/people/433587/headshot/67/current",Felix Hernandez,Passed-Over Players,https://www.baseball-reference.com/players/h/hernafe02.shtml,MLB,433587
jenkife01,"https://img.mlbstatic.com/mlb-photos/image/upload/d_people:generic:headshot:67:current.png/w_426,q_auto:best/v1/people/116522/headshot/67/current",Fergie Jenkins,Official Hall,https://www.baseball-reference.com/players/j/jenkife01.shtml,MLB,116522
lindofr01,"https://img.mlbstatic.com/mlb-photos/image/upload/d_people:generic:headshot:67:current.png/w_426,q_auto:best/v1/people/596019/headshot/67/current",Francisco Lindor,Active Hall,https://www.baseball-reference.com/players/l/lindofr01.shtml,MLB,596019
rodrifr03,"https://img.mlbstatic.com/mlb-photos/image/upload/d_people:generic:headshot:67:current.png/w_426,q_auto:best/v1/people/477557/headshot/67/current",Francisco Rodriguez,Passed-Over Players,https://www.baseball-reference.com/players/r/rodrifr03.shtml,MLB,477557
chancfr01,"https://img.mlbstatic.com/mlb-photos/image/upload/d_people:generic:headshot:67:current.png/w_426,q_auto:best/v1/people/112183/headshot/67/current",Frank Chance,Official Hall,https://www.baseball-reference.com/players/c/chancfr01.shtml,MLB,112183
robinfr02,"https://img.mlbstatic.com/mlb-photos/image/upload/d_people:generic:headshot:67:current.png/w_426,q_auto:best/v1/people/121311/headshot/67/current",Frank Robinson,Official Hall,https://www.baseball-reference.com/players/r/robinfr02.shtml,MLB,121311
thomafr04,"https://img.mlbstatic.com/mlb-photos/image/upload/d_people:generic:headshot:67:current.png/w_426,q_auto:best/v1/people/123245/headshot/67/current",Frank Thomas,Official Hall,https://www.baseball-reference.com/players/t/thomafr04.shtml,MLB,123245
friscfr01,"https://img.mlbstatic.com/mlb-photos/image/upload/d_people:generic:headshot:67:current.png/w_426,q_auto:best/v1/people/114448/headshot/67/current",Frankie Frisch,Official Hall,https://www.baseball-reference.com/players/f/friscfr01.shtml,MLB,114448
clarkfr01,"https://img.mlbstatic.com/mlb-photos/image/upload/d_people:generic:headshot:67:current.png/w_426,q_auto:best/v1/people/112352/headshot/67/current",Fred Clarke,Official Hall,https://www.baseball-reference.com/players/c/clarkfr01.shtml,MLB,112352
mcgrifr01,"https://img.mlbstatic.com/mlb-photos/image/upload/d_people:generic:headshot:67:current.png/w_426,q_auto:best/v1/people/118730/headshot/67/current",Fred McGriff,Official Hall,https://www.baseball-reference.com/players/m/mcgrifr01.shtml,MLB,118730
freemfr01,"https://img.mlbstatic.com/mlb-photos/image/upload/d_people:generic:headshot:67:current.png/w_426,q_auto:best/v1/people/518692/headshot/67/current",Freddie Freeman,Active Hall,https://www.baseball-reference.com/players/f/freemfr01.shtml,MLB,518692
lindsfr01,"https://img.mlbstatic.com/mlb-photos/image/upload/d_people:generic:headshot:67:current.png/w_426,q_auto:best/v1/people/117793/headshot/67/current",Freddie Lindstrom,Official Hall,https://www.baseball-reference.com/players/l/lindsfr01.shtml,MLB,117793
hartnga01,"https://img.mlbstatic.com/mlb-photos/image/upload/d_people:generic:headshot:67:current.png/w_426,q_auto:best/v1/people/115572/headshot/67/current",Gabby Hartnett,Official Hall,https://www.baseball-reference.com/players/h/hartnga01.shtml,MLB,115572
cartega01,"https://img.mlbstatic.com/mlb-photos/image/upload/d_people:generic:headshot:67:current.png/w_426,q_auto:best/v1/people/112061/headshot/67/current",Gary Carter,Official Hall,https://www.baseball-reference.com/players/c/cartega01.shtml,MLB,112061
sheffga01,"https://img.mlbstatic.com/mlb-photos/image/upload/d_people:generic:headshot:67:current.png/w_426,q_auto:best/v1/people/122111/headshot/67/current",Gary Sheffield,Hall Ledger Addition,https://www.baseball-reference.com/players/s/sheffga01.shtml,MLB,122111
perryga01,"https://img.mlbstatic.com/mlb-photos/image/upload/d_people:generic:headshot:67:current.png/w_426,q_auto:best/v1/people/120438/headshot/67/current",Gaylord Perry,Official Hall,https://www.baseball-reference.com/players/p/perryga01.shtml,MLB,120438
brettge01,"https://img.mlbstatic.com/mlb-photos/image/upload/d_people:generic:headshot:67:current.png/w_426,q_auto:best/v1/people/111437/headshot/67/current",George Brett,Official Hall,https://www.baseball-reference.com/players/b/brettge01.shtml,MLB,111437
davisge01,"https://img.mlbstatic.com/mlb-photos/image/upload/d_people:generic:headshot:67:current.png/w_426,q_auto:best/v1/people/113106/headshot/67/current",George Davis,Official Hall,https://www.baseball-reference.com/players/d/davisge01.shtml,MLB,113106
kellge01,"https://img.mlbstatic.com/mlb-photos/image/upload/d_people:generic:headshot:67:current.png/w_426,q_auto:best/v1/people/116913/headshot/67/current",George Kell,Official Hall,https://www.baseball-reference.com/players/k/kellge01.shtml,MLB,116913
kellyge01,"https://img.mlbstatic.com/mlb-photos/image/upload/d_people:generic:headshot:67:current.png/w_426,q_auto:best/v1/people/116942/headshot/67/current",George Kelly,Official Hall,https://www.baseball-reference.com/players/k/kellyge01.shtml,MLB,116942
sislege01,"https://img.mlbstatic.com/mlb-photos/image/upload/d_people:generic:headshot:67:current.png/w_426,q_auto:best/v1/people/122280/headshot/67/current",George Sisler,Official Hall,https://www.baseball-reference.com/players/s/sislege01.shtml,MLB,122280
colege01,"https://img.mlbstatic.com/mlb-photos/image/upload/d_people:generic:headshot:67:current.png/w_426,q_auto:best/v1/people/543037/headshot/67/current",Gerrit Cole,Active Hall,https://www.baseball-reference.com/players/c/colege01.shtml,MLB,543037
stantmi03,"https://img.mlbstatic.com/mlb-photos/image/upload/d_people:generic:headshot:67:current.png/w_426,q_auto:best/v1/people/519317/headshot/67/current",Giancarlo Stanton,Active Hall,https://www.baseball-reference.com/players/s/stantmi03.shtml,MLB,519317
hodgegi01,"https://img.mlbstatic.com/mlb-photos/image/upload/d_people:generic:headshot:67:current.png/w_426,q_auto:best/v1/people/116008/headshot/67/current",Gil Hodges,Official Hall,https://www.baseball-reference.com/players/h/hodgegi01.shtml,MLB,116008
gosligo01,"https://img.mlbstatic.com/mlb-photos/image/upload/d_people:generic:headshot:67:current.png/w_426,q_auto:best/v1/people/114987/headshot/67/current",Goose Goslin,Official Hall,https://www.baseball-reference.com/players/g/gosligo01.shtml,MLB,114987
nettlgr01,"https://img.mlbstatic.com/mlb-photos/image/upload/d_people:generic:headshot:67:current.png/w_426,q_auto:best/v1/people/119720/headshot/67/current",Graig Nettles,Passed-Over Players,https://www.baseball-reference.com/players/n/nettlgr01.shtml,MLB,119720
maddugr01,"https://img.mlbstatic.com/mlb-photos/image/upload/d_people:generic:headshot:67:current.png/w_426,q_auto:best/v1/people/118120/headshot/67/current",Greg Maddux,Official Hall,https://www.baseball-reference.com/players/m/maddugr01.shtml,MLB,118120
wilsoha01,"https://img.mlbstatic.com/mlb-photos/image/upload/d_people:generic:headshot:67:current.png/w_426,q_auto:best/v1/people/124412/headshot/67/current",Hack Wilson,Official Hall,https://www.baseball-reference.com/players/w/wilsoha01.shtml,MLB,124412
newhoha01,"https://img.mlbstatic.com/mlb-photos/image/upload/d_people:generic:headshot:67:current.png/w_426,q_auto:best/v1/people/119739/headshot/67/current",Hal Newhouser,Official Hall,https://www.baseball-reference.com/players/n/newhoha01.shtml,MLB,119739
aaronha01,"https://img.mlbstatic.com/mlb-photos/image/upload/d_people:generic:headshot:67:current.png/w_426,q_auto:best/v1/people/110001/headshot/67/current",Hank Aaron,Official Hall,https://www.baseball-reference.com/players/a/aaronha01.shtml,MLB,110001
greenha01,"https://img.mlbstatic.com/mlb-photos/image/upload/d_people:generic:headshot:67:current.png/w_426,q_auto:best/v1/people/115096/headshot/67/current",Hank Greenberg,Official Hall,https://www.baseball-reference.com/players/g/greenha01.shtml,MLB,115096
killeha01,"https://img.mlbstatic.com/mlb-photos/image/upload/d_people:generic:headshot:67:current.png/w_426,q_auto:best/v1/people/117051/headshot/67/current",Harmon Killebrew,Official Hall,https://www.baseball-reference.com/players/k/killeha01.shtml,MLB,117051
baineha01,"https://img.mlbstatic.com/mlb-photos/image/upload/d_people:generic:headshot:67:current.png/w_426,q_auto:best/v1/people/110456/headshot/67/current",Harold Baines,Official Hall,https://www.baseball-reference.com/players/b/baineha01.shtml,MLB,110456
heilmha01,"https://img.mlbstatic.com/mlb-photos/image/upload/d_people:generic:headshot:67:current.png/w_426,q_auto:best/v1/people/115705/headshot/67/current",Harry Heilmann,Official Hall,https://www.baseball-reference.com/players/h/heilmha01.shtml,MLB,115705
hoopeha01,"https://img.mlbstatic.com/mlb-photos/image/upload/d_people:generic:headshot:67:current.png/w_426,q_auto:best/v1/people/116127/headshot/67/current",Harry Hooper,Official Hall,https://www.baseball-reference.com/players/h/hoopeha01.shtml,MLB,116127
manushe01,"https://img.mlbstatic.com/mlb-photos/image/upload/d_people:generic:headshot:67:current.png/w_426,q_auto:best/v1/people/118265/headshot/67/current",Heinie Manush,Official Hall,https://www.baseball-reference.com/players/m/manushe01.shtml,MLB,118265
pennohe01,"https://img.mlbstatic.com/mlb-photos/image/upload/d_people:generic:headshot:67:current.png/w_426,q_auto:best/v1/people/120386/headshot/67/current",Herb Pennock,Official Hall,https://www.baseball-reference.com/players/p/pennohe01.shtml,MLB,120386
smithhi99,"https://img.mlbstatic.com/mlb-photos/image/upload/d_people:generic:headshot:67:current.png/w_426,q_auto:best/v1/people/817188/headshot/67/current",Hilton Smith,Official Hall,https://www.baseball-reference.com/players/s/smithhi99.shtml,MLB,817188
bakerfr01,"https://img.mlbstatic.com/mlb-photos/image/upload/d_people:generic:headshot:67:current.png/w_426,q_auto:best/v1/people/110480/headshot/67/current",Home Run Baker,Official Hall,https://www.baseball-reference.com/players/b/bakerfr01.shtml,MLB,110480
wagneho01,"https://img.mlbstatic.com/mlb-photos/image/upload/d_people:generic:headshot:67:current.png/w_426,q_auto:best/v1/people/123784/headshot/67/current",Honus Wagner,Official Hall,https://www.baseball-reference.com/players/w/wagneho01.shtml,MLB,123784
wilheho01,"https://img.mlbstatic.com/mlb-photos/image/upload/d_people:generic:headshot:67:current.png/w_426,q_auto:best/v1/people/124261/headshot/67/current",Hoyt Wilhelm,Official Hall,https://www.baseball-reference.com/players/w/wilheho01.shtml,MLB,124261
duffyhu01,"https://img.mlbstatic.com/mlb-photos/image/upload/d_people:generic:headshot:67:current.png/w_426,q_auto:best/v1/people/113598/headshot/67/current",Hugh Duffy,Official Hall,https://www.baseball-reference.com/players/d/duffyhu01.shtml,MLB,113598
jennihu01,"https://img.mlbstatic.com/mlb-photos/image/upload/d_people:generic:headshot:67:current.png/w_426,q_auto:best/v1/people/116528/headshot/67/current",Hughie Jennings,Official Hall,https://www.baseball-reference.com/players/j/jennihu01.shtml,MLB,116528
suzukic01,"https://img.mlbstatic.com/mlb-photos/image/upload/d_people:generic:headshot:67:current.png/w_426,q_auto:best/v1/people/400085/headshot/67/current",Ichiro Suzuki,Official Hall,https://www.baseball-reference.com/players/s/suzukic01.shtml,MLB,400085
rodriiv01,"https://img.mlbstatic.com/mlb-photos/image/upload/d_people:generic:headshot:67:current.png/w_426,q_auto:best/v1/people/121358/headshot/67/current",Ivan Rodriguez,Official Hall,https://www.baseball-reference.com/players/r/rodriiv01.shtml,MLB,121358
chesbja01,"https://img.mlbstatic.com/mlb-photos/image/upload/d_people:generic:headshot:67:current.png/w_426,q_auto:best/v1/people/112233/headshot/67/current",Jack Chesbro,Official Hall,https://www.baseball-reference.com/players/c/chesbja01.shtml,MLB,112233
morrija02,"https://img.mlbstatic.com/mlb-photos/image/upload/d_people:generic:headshot:67:current.png/w_426,q_auto:best/v1/people/119399/headshot/67/current",Jack Morris,Official Hall,https://www.baseball-reference.com/players/m/morrija02.shtml,MLB,119399
robinja02,"https://img.mlbstatic.com/mlb-photos/image/upload/d_people:generic:headshot:67:current.png/w_426,q_auto:best/v1/people/121314/headshot/67/current",Jackie Robinson,Official Hall,https://www.baseball-reference.com/players/r/robinja02.shtml,MLB,121314
degroja01,"https://img.mlbstatic.com/mlb-photos/image/upload/d_people:generic:headshot:67:current.png/w_426,q_auto:best/v1/people/594798/headshot/67/current",Jacob deGrom,Active Hall,https://www.baseball-reference.com/players/d/degroja01.shtml,MLB,594798
becklja01,"https://img.mlbstatic.com/mlb-photos/image/upload/d_people:generic:headshot:67:current.png/w_426,q_auto:best/v1/people/110776/headshot/67/current",Jake Beckley,Official Hall,https://www.baseball-reference.com/players/b/becklja01.shtml,MLB,110776
moyerja01,"https://img.mlbstatic.com/mlb-photos/image/upload/d_people:generic:headshot:67:current.png/w_426,q_auto:best/v1/people/119469/headshot/67/current",Jamie Moyer,Passed-Over Players,https://www.baseball-reference.com/players/m/moyerja01.shtml,MLB,119469
bagweje01,"https://img.mlbstatic.com/mlb-photos/image/upload/d_people:generic:headshot:67:current.png/w_426,q_auto:best/v1/people/110432/headshot/67/current",Jeff Bagwell,Official Hall,https://www.baseball-reference.com/players/b/bagweje01.shtml,MLB,110432
kentje01,"https://img.mlbstatic.com/mlb-photos/image/upload/d_people:generic:headshot:67:current.png/w_426,q_auto:best/v1/people/116999/headshot/67/current",Jeff Kent,Official Hall,https://www.baseball-reference.com/players/k/kentje01.shtml,MLB,116999
burkeje01,"https://img.mlbstatic.com/mlb-photos/image/upload/d_people:generic:headshot:67:current.png/w_426,q_auto:best/v1/people/111733/headshot/67/current",Jesse Burkett,Official Hall,https://www.baseball-reference.com/players/b/burkeje01.shtml,MLB,111733
haineje01,"https://img.mlbstatic.com/mlb-photos/image/upload/d_people:generic:headshot:67:current.png/w_426,q_auto:best/v1/people/115314/headshot/67/current",Jesse Haines,Official Hall,https://www.baseball-reference.com/players/h/haineje01.shtml,MLB,115314
bottoji01,"https://img.mlbstatic.com/mlb-photos/image/upload/d_people:generic:headshot:67:current.png/w_426,q_auto:best/v1/people/111266/headshot/67/current",Jim Bottomley,Official Hall,https://www.baseball-reference.com/players/b/bottoji01.shtml,MLB,111266
bunniji01,"https://img.mlbstatic.com/mlb-photos/image/upload/d_people:generic:headshot:67:current.png/w_426,q_auto:best/v1/people/111691/headshot/67/current",Jim Bunning,Official Hall,https://www.baseball-reference.com/players/b/bunniji01.shtml,MLB,111691
kaatji01,"https://img.mlbstatic.com/mlb-photos/image/upload/d_people:generic:headshot:67:current.png/w_426,q_auto:best/v1/people/116803/headshot/67/current",Jim Kaat,Official Hall,https://www.baseball-reference.com/players/k/kaatji01.shtml,MLB,116803
mccorji01,"https://img.mlbstatic.com/mlb-photos/image/upload/d_people:generic:headshot:67:current.png/w_426,q_auto:best/v1/people/118595/headshot/67/current",Jim McCormick,Passed-Over Players,https://www.baseball-reference.com/players/m/mccorji01.shtml,MLB,118595
orourji01,"https://img.mlbstatic.com/mlb-photos/image/upload/d_people:generic:headshot:67:current.png/w_426,q_auto:best/v1/people/120054/headshot/67/current",Jim O'Rourke,Official Hall,https://www.baseball-reference.com/players/o/orourji01.shtml,MLB,120054
palmeji01,"https://img.mlbstatic.com/mlb-photos/image/upload/d_people:generic:headshot:67:current.png/w_426,q_auto:best/v1/people/120196/headshot/67/current",Jim Palmer,Official Hall,https://www.baseball-reference.com/players/p/palmeji01.shtml,MLB,120196
riceji01,"https://img.mlbstatic.com/mlb-photos/image/upload/d_people:generic:headshot:67:current.png/w_426,q_auto:best/v1/people/121140/headshot/67/current",Jim Rice,Official Hall,https://www.baseball-reference.com/players/r/riceji01.shtml,MLB,121140
thomeji01,"https://img.mlbstatic.com/mlb-photos/image/upload/d_people:generic:headshot:67:current.png/w_426,q_auto:best/v1/people/123272/headshot/67/current",Jim Thome,Official Hall,https://www.baseball-reference.com/players/t/thomeji01.shtml,MLB,123272
foxxji01,"https://img.mlbstatic.com/mlb-photos/image/upload/d_people:generic:headshot:67:current.png/w_426,q_auto:best/v1/people/114367/headshot/67/current",Jimmie Foxx,Official Hall,https://www.baseball-reference.com/players/f/foxxji01.shtml,MLB,114367
colliji01,"https://img.mlbstatic.com/mlb-photos/image/upload/d_people:generic:headshot:67:current.png/w_426,q_auto:best/v1/people/112511/headshot/67/current",Jimmy Collins,Official Hall,https://www.baseball-reference.com/players/c/colliji01.shtml,MLB,112511
cronijo01,"https://img.mlbstatic.com/mlb-photos/image/upload/d_people:generic:headshot:67:current.png/w_426,q_auto:best/v1/people/630063/headshot/67/current",Joe Cronin,Official Hall,https://www.baseball-reference.com/players/c/cronijo01.shtml,MLB,630063
dimagjo01,"https://img.mlbstatic.com/mlb-photos/image/upload/d_people:generic:headshot:67:current.png/w_426,q_auto:best/v1/people/113376/headshot/67/current",Joe DiMaggio,Official Hall,https://www.baseball-reference.com/players/d/dimagjo01.shtml,MLB,113376
gordojo01,"https://img.mlbstatic.com/mlb-photos/image/upload/d_people:generic:headshot:67:current.png/w_426,q_auto:best/v1/people/114967/headshot/67/current",Joe Gordon,Official Hall,https://www.baseball-reference.com/players/g/gordojo01.shtml,MLB,114967
jacksjo01,"https://img.mlbstatic.com/mlb-photos/image/upload/d_people:generic:headshot:67:current.png/w_426,q_auto:best/v1/people/116432/headshot/67/current",Joe Jackson,Passed-Over Players,https://www.baseball-reference.com/players/j/jacksjo01.shtml,MLB,116432
kellejo01,"https://img.mlbstatic.com/mlb-photos/image/upload/d_people:generic:headshot:67:current.png/w_426,q_auto:best/v1/people/116926/headshot/67/current",Joe Kelley,Official Hall,https://www.baseball-reference.com/players/k/kellejo01.shtml,MLB,116926
mauerjo01,"https://img.mlbstatic.com/mlb-photos/image/upload/d_people:generic:headshot:67:current.png/w_426,q_auto:best/v1/people/408045/headshot/67/current",Joe Mauer,Official Hall,https://www.baseball-reference.com/players/m/mauerjo01.shtml,MLB,408045
mcginjo01,"https://img.mlbstatic.com/mlb-photos/image/upload/d_people:generic:headshot:67:current.png/w_426,q_auto:best/v1/people/118713/headshot/67/current",Joe McGinnity,Official Hall,https://www.baseball-reference.com/players/m/mcginjo01.shtml,MLB,118713
medwijo01,"https://img.mlbstatic.com/mlb-photos/image/upload/d_people:generic:headshot:67:current.png/w_426,q_auto:best/v1/people/118904/headshot/67/current",Joe Medwick,Official Hall,https://www.baseball-reference.com/players/m/medwijo01.shtml,MLB,118904
morgajo02,"https://img.mlbstatic.com/mlb-photos/image/upload/d_people:generic:headshot:67:current.png/w_426,q_auto:best/v1/people/119371/headshot/67/current",Joe Morgan,Official Hall,https://www.baseball-reference.com/players/m/morgajo02.shtml,MLB,119371
nathajo01,"https://img.mlbstatic.com/mlb-photos/image/upload/d_people:generic:headshot:67:current.png/w_426,q_auto:best/v1/people/150274/headshot/67/current",Joe Nathan,Passed-Over Players,https://www.baseball-reference.com/players/n/nathajo01.shtml,MLB,150274
seweljo01,"https://img.mlbstatic.com/mlb-photos/image/upload/d_people:generic:headshot:67:current.png/w_426,q_auto:best/v1/people/122023/headshot/67/current",Joe Sewell,Official Hall,https://www.baseball-reference.com/players/s/seweljo01.shtml,MLB,122023
tinkejo01,"https://img.mlbstatic.com/mlb-photos/image/upload/d_people:generic:headshot:67:current.png/w_426,q_auto:best/v1/people/123353/headshot/67/current",Joe Tinker,Official Hall,https://www.baseball-reference.com/players/t/tinkejo01.shtml,MLB,123353
willijo99,"https://img.mlbstatic.com/mlb-photos/image/upload/d_people:generic:headshot:67:current.png/w_426,q_auto:best/v1/people/816563/headshot/67/current",Joe Williams,Official Hall,https://www.baseball-reference.com/players/w/willijo99.shtml,MLB,816563
vottojo01,"https://img.mlbstatic.com/mlb-photos/image/upload/d_people:generic:headshot:67:current.png/w_426,q_auto:best/v1/people/458015/headshot/67/current",Joey Votto,Passed-Over Players,https://www.baseball-reference.com/players/v/vottojo01.shtml,MLB,458015
santajo02,"https://img.mlbstatic.com/mlb-photos/image/upload/d_people:generic:headshot:67:current.png/w_426,q_auto:best/v1/people/276371/headshot/67/current",Johan Santana,Passed-Over Players,https://www.baseball-reference.com/players/s/santajo01.shtml,MLB,276371
clarkjo01,"https://img.mlbstatic.com/mlb-photos/image/upload/d_people:generic:headshot:67:current.png/w_426,q_auto:best/v1/people/112369/headshot/67/current",John Clarkson,Official Hall,https://www.baseball-reference.com/players/c/clarkjo01.shtml,MLB,112369
francjo01,"https://img.mlbstatic.com/mlb-photos/image/upload/d_people:generic:headshot:67:current.png/w_426,q_auto:best/v1/people/114374/headshot/67/current",John Franco,Passed-Over Players,https://www.baseball-reference.com/players/f/francjo01.shtml,MLB,114374
lloydpo99,NA,John Henry Lloyd,Official Hall,https://www.baseball-reference.com/players/l/lloydpo99.shtml,NA,NA
hillejo01,"https://img.mlbstatic.com/mlb-photos/image/upload/d_people:generic:headshot:67:current.png/w_426,q_auto:best/v1/people/115951/headshot/67/current",John Hiller,Passed-Over Players,https://www.baseball-reference.com/players/h/hillejo01.shtml,MLB,115951
olerujo01,"https://img.mlbstatic.com/mlb-photos/image/upload/d_people:generic:headshot:67:current.png/w_426,q_auto:best/v1/people/119976/headshot/67/current",John Olerud,Passed-Over Players,https://www.baseball-reference.com/players/o/olerujo01.shtml,MLB,119976
smoltjo01,"https://img.mlbstatic.com/mlb-photos/image/upload/d_people:generic:headshot:67:current.png/w_426,q_auto:best/v1/people/122477/headshot/67/current",John Smoltz,Official Hall,https://www.baseball-reference.com/players/s/smoltjo01.shtml,MLB,122477
wardjo01,"https://img.mlbstatic.com/mlb-photos/image/upload/d_people:generic:headshot:67:current.png/w_426,q_auto:best/v1/people/123921/headshot/67/current",John Ward,Official Hall,https://www.baseball-reference.com/players/w/wardjo01.shtml,MLB,123921
benchjo01,"https://img.mlbstatic.com/mlb-photos/image/upload/d_people:generic:headshot:67:current.png/w_426,q_auto:best/v1/people/110849/headshot/67/current",Johnny Bench,Official Hall,https://www.baseball-reference.com/players/b/benchjo01.shtml,MLB,110849
eversjo01,"https://img.mlbstatic.com/mlb-photos/image/upload/d_people:generic:headshot:67:current.png/w_426,q_auto:best/v1/people/113949/headshot/67/current",Johnny Evers,Official Hall,https://www.baseball-reference.com/players/e/eversjo01.shtml,MLB,113949
mizejo01,"https://img.mlbstatic.com/mlb-photos/image/upload/d_people:generic:headshot:67:current.png/w_426,q_auto:best/v1/people/119207/headshot/67/current",Johnny Mize,Official Hall,https://www.baseball-reference.com/players/m/mizejo01.shtml,MLB,119207
altuvjo01,"https://img.mlbstatic.com/mlb-photos/image/upload/d_people:generic:headshot:67:current.png/w_426,q_auto:best/v1/people/514888/headshot/67/current",Jose Altuve,Active Hall,https://www.baseball-reference.com/players/a/altuvjo01.shtml,MLB,514888
ramirjo01,"https://img.mlbstatic.com/mlb-photos/image/upload/d_people:generic:headshot:67:current.png/w_426,q_auto:best/v1/people/608070/headshot/67/current",Jose Ramirez,Active Hall,https://www.baseball-reference.com/players/r/ramirjo01.shtml,MLB,608070
gibsojo99,"https://img.mlbstatic.com/mlb-photos/image/upload/d_people:generic:headshot:67:current.png/w_426,q_auto:best/v1/people/492568/headshot/67/current",Josh Gibson,Official Hall,https://www.baseball-reference.com/players/g/gibsojo99.shtml,MLB,492568
mendejo99,"https://img.mlbstatic.com/mlb-photos/image/upload/d_people:generic:headshot:67:current.png/w_426,q_auto:best/v1/people/818185/headshot/67/current",José Méndez,Official Hall,https://www.baseball-reference.com/players/m/mendejo99.shtml,MLB,818185
maricju01,"https://img.mlbstatic.com/mlb-photos/image/upload/d_people:generic:headshot:67:current.png/w_426,q_auto:best/v1/people/118283/headshot/67/current",Juan Marichal,Official Hall,https://www.baseball-reference.com/players/m/maricju01.shtml,MLB,118283
sotoju01,"https://img.mlbstatic.com/mlb-photos/image/upload/d_people:generic:headshot:67:current.png/w_426,q_auto:best/v1/people/665742/headshot/67/current",Juan Soto,Active Hall,https://www.baseball-reference.com/players/s/sotoju01.shtml,MLB,665742
wilsoju99,"https://img.mlbstatic.com/mlb-photos/image/upload/d_people:generic:headshot:67:current.png/w_426,q_auto:best/v1/people/816505/headshot/67/current",Jud Wilson,Official Hall,https://www.baseball-reference.com/players/w/wilsoju99.shtml,MLB,816505
johnsju99,"https://img.mlbstatic.com/mlb-photos/image/upload/d_people:generic:headshot:67:current.png/w_426,q_auto:best/v1/people/818744/headshot/67/current",Judy Johnson,Official Hall,https://www.baseball-reference.com/players/j/johnsju99.shtml,MLB,818744
verlaju01,"https://img.mlbstatic.com/mlb-photos/image/upload/d_people:generic:headshot:67:current.png/w_426,q_auto:best/v1/people/434378/headshot/67/current",Justin Verlander,Hall Ledger Addition,https://www.baseball-reference.com/players/v/verlaju01.shtml,MLB,434378
hernake01,"https://img.mlbstatic.com/mlb-photos/image/upload/d_people:generic:headshot:67:current.png/w_426,q_auto:best/v1/people/115826/headshot/67/current",Keith Hernandez,Passed-Over Players,https://www.baseball-reference.com/players/h/hernake01.shtml,MLB,115826
griffke02,"https://img.mlbstatic.com/mlb-photos/image/upload/d_people:generic:headshot:67:current.png/w_426,q_auto:best/v1/people/115135/headshot/67/current",Ken Griffey Jr.,Official Hall,https://www.baseball-reference.com/players/g/griffke02.shtml,MLB,115135
janseke01,"https://img.mlbstatic.com/mlb-photos/image/upload/d_people:generic:headshot:67:current.png/w_426,q_auto:best/v1/people/445276/headshot/67/current",Kenley Jansen,Active Hall,https://www.baseball-reference.com/players/j/janseke01.shtml,MLB,445276
loftoke01,"https://img.mlbstatic.com/mlb-photos/image/upload/d_people:generic:headshot:67:current.png/w_426,q_auto:best/v1/people/117863/headshot/67/current",Kenny Lofton,Passed-Over Players,https://www.baseball-reference.com/players/l/loftoke01.shtml,MLB,117863
brownke01,"https://img.mlbstatic.com/mlb-photos/image/upload/d_people:generic:headshot:67:current.png/w_426,q_auto:best/v1/people/111554/headshot/67/current",Kevin Brown,Passed-Over Players,https://www.baseball-reference.com/players/b/brownke01.shtml,MLB,111554
nichoki01,"https://img.mlbstatic.com/mlb-photos/image/upload/d_people:generic:headshot:67:current.png/w_426,q_auto:best/v1/people/119761/headshot/67/current",Kid Nichols,Official Hall,https://www.baseball-reference.com/players/n/nichoki01.shtml,MLB,119761
cuyleki01,"https://img.mlbstatic.com/mlb-photos/image/upload/d_people:generic:headshot:67:current.png/w_426,q_auto:best/v1/people/112979/headshot/67/current",Kiki Cuyler,Official Hall,https://www.baseball-reference.com/players/c/cuyleki01.shtml,MLB,112979
kellyki01,"https://img.mlbstatic.com/mlb-photos/image/upload/d_people:generic:headshot:67:current.png/w_426,q_auto:best/v1/people/116953/headshot/67/current",King Kelly,Official Hall,https://www.baseball-reference.com/players/k/kellyki01.shtml,MLB,116953
puckeki01,"https://img.mlbstatic.com/mlb-photos/image/upload/d_people:generic:headshot:67:current.png/w_426,q_auto:best/v1/people/120790/headshot/67/current",Kirby Puckett,Official Hall,https://www.baseball-reference.com/players/p/puckeki01.shtml,MLB,120790
dobyla01,"https://img.mlbstatic.com/mlb-photos/image/upload/d_people:generic:headshot:67:current.png/w_426,q_auto:best/v1/people/113411/headshot/67/current",Larry Doby,Official Hall,https://www.baseball-reference.com/players/d/dobyla01.shtml,MLB,113411
walkela01,"https://img.mlbstatic.com/mlb-photos/image/upload/d_people:generic:headshot:67:current.png/w_426,q_auto:best/v1/people/123833/headshot/67/current",Larry Walker,Official Hall,https://www.baseball-reference.com/players/w/walkela01.shtml,MLB,123833
smithle02,"https://img.mlbstatic.com/mlb-photos/image/upload/d_people:generic:headshot:67:current.png/w_426,q_auto:best/v1/people/122426/headshot/67/current",Lee Smith,Official Hall,https://www.baseball-reference.com/players/s/smithle02.shtml,MLB,122426
gomezle01,"https://img.mlbstatic.com/mlb-photos/image/upload/d_people:generic:headshot:67:current.png/w_426,q_auto:best/v1/people/114917/headshot/67/current",Lefty Gomez,Official Hall,https://www.baseball-reference.com/players/g/gomezle01.shtml,MLB,114917
grovele01,"https://img.mlbstatic.com/mlb-photos/image/upload/d_people:generic:headshot:67:current.png/w_426,q_auto:best/v1/people/115201/headshot/67/current",Lefty Grove,Official Hall,https://www.baseball-reference.com/players/g/grovele01.shtml,MLB,115201
dayle99,"https://img.mlbstatic.com/mlb-photos/image/upload/d_people:generic:headshot:67:current.png/w_426,q_auto:best/v1/people/819827/headshot/67/current",Leon Day,Official Hall,https://www.baseball-reference.com/players/d/dayle99.shtml,MLB,819827
wanerll01,"https://img.mlbstatic.com/mlb-photos/image/upload/d_people:generic:headshot:67:current.png/w_426,q_auto:best/v1/people/123904/headshot/67/current",Lloyd Waner,Official Hall,https://www.baseball-reference.com/players/w/wanerll01.shtml,MLB,123904
boudrlo01,"https://img.mlbstatic.com/mlb-photos/image/upload/d_people:generic:headshot:67:current.png/w_426,q_auto:best/v1/people/111272/headshot/67/current",Lou Boudreau,Official Hall,https://www.baseball-reference.com/players/b/boudrlo01.shtml,MLB,111272
brocklo01,"https://img.mlbstatic.com/mlb-photos/image/upload/d_people:generic:headshot:67:current.png/w_426,q_auto:best/v1/people/111495/headshot/67/current",Lou Brock,Official Hall,https://www.baseball-reference.com/players/b/brocklo01.shtml,MLB,111495
gehrilo01,"https://img.mlbstatic.com/mlb-photos/image/upload/d_people:generic:headshot:67:current.png/w_426,q_auto:best/v1/people/114680/headshot/67/current",Lou Gehrig,Official Hall,https://www.baseball-reference.com/players/g/gehrilo01.shtml,MLB,114680
whitalo01,"https://img.mlbstatic.com/mlb-photos/image/upload/d_people:generic:headshot:67:current.png/w_426,q_auto:best/v1/people/124154/headshot/67/current",Lou Whitaker,Passed-Over Players,https://www.baseball-reference.com/players/w/whitalo01.shtml,MLB,124154
santolo99,"https://img.mlbstatic.com/mlb-photos/image/upload/d_people:generic:headshot:67:current.png/w_426,q_auto:best/v1/people/817369/headshot/67/current",Louis Santop,Official Hall,https://www.baseball-reference.com/players/s/santolo99.shtml,MLB,817369
aparilu01,"https://img.mlbstatic.com/mlb-photos/image/upload/d_people:generic:headshot:67:current.png/w_426,q_auto:best/v1/people/110290/headshot/67/current",Luis Aparicio,Official Hall,https://www.baseball-reference.com/players/a/aparilu01.shtml,MLB,110290
tiantlu01,"https://img.mlbstatic.com/mlb-photos/image/upload/d_people:generic:headshot:67:current.png/w_426,q_auto:best/v1/people/123331/headshot/67/current",Luis Tiant,Passed-Over Players,https://www.baseball-reference.com/players/t/tiantlu01.shtml,MLB,123331
applilu01,"https://img.mlbstatic.com/mlb-photos/image/upload/d_people:generic:headshot:67:current.png/w_426,q_auto:best/v1/people/110297/headshot/67/current",Luke Appling,Official Hall,https://www.baseball-reference.com/players/a/applilu01.shtml,MLB,110297
machama01,"https://img.mlbstatic.com/mlb-photos/image/upload/d_people:generic:headshot:67:current.png/w_426,q_auto:best/v1/people/592518/headshot/67/current",Manny Machado,Active Hall,https://www.baseball-reference.com/players/m/machama01.shtml,MLB,592518
ramirma02,"https://img.mlbstatic.com/mlb-photos/image/upload/d_people:generic:headshot:67:current.png/w_426,q_auto:best/v1/people/120903/headshot/67/current",Manny Ramirez,Hall Ledger Addition,https://www.baseball-reference.com/players/r/ramirma02.shtml,MLB,120903
riverma01,"https://img.mlbstatic.com/mlb-photos/image/upload/d_people:generic:headshot:67:current.png/w_426,q_auto:best/v1/people/121250/headshot/67/current",Mariano Rivera,Official Hall,https://www.baseball-reference.com/players/r/riverma01.shtml,MLB,121250
buehrma01,"https://img.mlbstatic.com/mlb-photos/image/upload/d_people:generic:headshot:67:current.png/w_426,q_auto:best/v1/people/279824/headshot/67/current",Mark Buehrle,Passed-Over Players,https://www.baseball-reference.com/players/b/buehrma01.shtml,MLB,279824
mcgwima01,"https://img.mlbstatic.com/mlb-photos/image/upload/d_people:generic:headshot:67:current.png/w_426,q_auto:best/v1/people/118743/headshot/67/current",Mark McGwire,Hall Ledger Addition,https://www.baseball-reference.com/players/m/mcgwima01.shtml,MLB,118743
dihigma99,"https://img.mlbstatic.com/mlb-photos/image/upload/d_people:generic:headshot:67:current.png/w_426,q_auto:best/v1/people/819764/headshot/67/current",Martín Dihigo,Official Hall,https://www.baseball-reference.com/players/d/dihigma99.shtml,MLB,819764
careyma01,"https://img.mlbstatic.com/mlb-photos/image/upload/d_people:generic:headshot:67:current.png/w_426,q_auto:best/v1/people/111989/headshot/67/current",Max Carey,Official Hall,https://www.baseball-reference.com/players/c/careyma01.shtml,MLB,111989
scherma01,"https://img.mlbstatic.com/mlb-photos/image/upload/d_people:generic:headshot:67:current.png/w_426,q_auto:best/v1/people/453286/headshot/67/current",Max Scherzer,Hall Ledger Addition,https://www.baseball-reference.com/players/s/scherma01.shtml,MLB,453286
ottme01,"https://img.mlbstatic.com/mlb-photos/image/upload/d_people:generic:headshot:67:current.png/w_426,q_auto:best/v1/people/120117/headshot/67/current",Mel Ott,Official Hall,https://www.baseball-reference.com/players/o/ottme01.shtml,MLB,120117
cochrmi01,"https://img.mlbstatic.com/mlb-photos/image/upload/d_people:generic:headshot:67:current.png/w_426,q_auto:best/v1/people/112437/headshot/67/current",Mickey Cochrane,Official Hall,https://www.baseball-reference.com/players/c/cochrmi01.shtml,MLB,112437
mantlmi01,"https://img.mlbstatic.com/mlb-photos/image/upload/d_people:generic:headshot:67:current.png/w_426,q_auto:best/v1/people/118258/headshot/67/current",Mickey Mantle,Official Hall,https://www.baseball-reference.com/players/m/mantlmi01.shtml,MLB,118258
welchmi01,"https://img.mlbstatic.com/mlb-photos/image/upload/d_people:generic:headshot:67:current.png/w_426,q_auto:best/v1/people/124062/headshot/67/current",Mickey Welch,Official Hall,https://www.baseball-reference.com/players/w/welchmi01.shtml,MLB,124062
cabremi01,"https://img.mlbstatic.com/mlb-photos/image/upload/d_people:generic:headshot:67:current.png/w_426,q_auto:best/v1/people/408234/headshot/67/current",Miguel Cabrera,Hall Ledger Addition,https://www.baseball-reference.com/players/c/cabremi01.shtml,MLB,408234
mussimi01,"https://img.mlbstatic.com/mlb-photos/image/upload/d_people:generic:headshot:67:current.png/w_426,q_auto:best/v1/people/119608/headshot/67/current",Mike Mussina,Official Hall,https://www.baseball-reference.com/players/m/mussimi01.shtml,MLB,119608
piazzmi01,"https://img.mlbstatic.com/mlb-photos/image/upload/d_people:generic:headshot:67:current.png/w_426,q_auto:best/v1/people/120536/headshot/67/current",Mike Piazza,Official Hall,https://www.baseball-reference.com/players/p/piazzmi01.shtml,MLB,120536
schmimi01,"https://img.mlbstatic.com/mlb-photos/image/upload/d_people:generic:headshot:67:current.png/w_426,q_auto:best/v1/people/121836/headshot/67/current",Mike Schmidt,Official Hall,https://www.baseball-reference.com/players/s/schmimi01.shtml,MLB,121836
troutmi01,"https://img.mlbstatic.com/mlb-photos/image/upload/d_people:generic:headshot:67:current.png/w_426,q_auto:best/v1/people/545361/headshot/67/current",Mike Trout,Active Hall,https://www.baseball-reference.com/players/t/troutmi01.shtml,MLB,545361
minosmi01,"https://img.mlbstatic.com/mlb-photos/image/upload/d_people:generic:headshot:67:current.png/w_426,q_auto:best/v1/people/119176/headshot/67/current",Minnie Miñoso,Official Hall,https://www.baseball-reference.com/players/m/minosmi01.shtml,MLB,119176
irvinmo01,"https://img.mlbstatic.com/mlb-photos/image/upload/d_people:generic:headshot:67:current.png/w_426,q_auto:best/v1/people/116403/headshot/67/current",Monte Irvin,Official Hall,https://www.baseball-reference.com/players/i/irvinmo01.shtml,MLB,116403
bettsmo01,"https://img.mlbstatic.com/mlb-photos/image/upload/d_people:generic:headshot:67:current.png/w_426,q_auto:best/v1/people/605141/headshot/67/current",Mookie Betts,Active Hall,https://www.baseball-reference.com/players/b/bettsmo01.shtml,MLB,605141
brownmo01,"https://img.mlbstatic.com/mlb-photos/image/upload/d_people:generic:headshot:67:current.png/w_426,q_auto:best/v1/people/111577/headshot/67/current",Mordecai Brown,Official Hall,https://www.baseball-reference.com/players/b/brownmo01.shtml,MLB,111577
suttlmu99,"https://img.mlbstatic.com/mlb-photos/image/upload/d_people:generic:headshot:67:current.png/w_426,q_auto:best/v1/people/817055/headshot/67/current",Mule Suttles,Official Hall,https://www.baseball-reference.com/players/s/suttlmu99.shtml,MLB,817055
lajoina01,"https://img.mlbstatic.com/mlb-photos/image/upload/d_people:generic:headshot:67:current.png/w_426,q_auto:best/v1/people/117414/headshot/67/current",Nap Lajoie,Official Hall,https://www.baseball-reference.com/players/l/lajoina01.shtml,MLB,117414
foxne01,"https://img.mlbstatic.com/mlb-photos/image/upload/d_people:generic:headshot:67:current.png/w_426,q_auto:best/v1/people/114361/headshot/67/current",Nellie Fox,Official Hall,https://www.baseball-reference.com/players/f/foxne01.shtml,MLB,114361
arenano01,"https://img.mlbstatic.com/mlb-photos/image/upload/d_people:generic:headshot:67:current.png/w_426,q_auto:best/v1/people/571448/headshot/67/current",Nolan Arenado,Active Hall,https://www.baseball-reference.com/players/a/arenano01.shtml,MLB,571448
ryanno01,"https://img.mlbstatic.com/mlb-photos/image/upload/d_people:generic:headshot:67:current.png/w_426,q_auto:best/v1/people/121597/headshot/67/current",Nolan Ryan,Official Hall,https://www.baseball-reference.com/players/r/ryanno01.shtml,MLB,121597
radboch01,"https://img.mlbstatic.com/mlb-photos/image/upload/d_people:generic:headshot:67:current.png/w_426,q_auto:best/v1/people/120867/headshot/67/current",Old Hoss Radbourn,Official Hall,https://www.baseball-reference.com/players/r/radboch01.shtml,MLB,120867
cepedor01,"https://img.mlbstatic.com/mlb-photos/image/upload/d_people:generic:headshot:67:current.png/w_426,q_auto:best/v1/people/112157/headshot/67/current",Orlando Cepeda,Official Hall,https://www.baseball-reference.com/players/c/cepedor01.shtml,MLB,112157
charlos99,NA,Oscar Charleston,Official Hall,https://www.baseball-reference.com/players/c/charlos99.shtml,NA,NA
smithoz01,"https://img.mlbstatic.com/mlb-photos/image/upload/d_people:generic:headshot:67:current.png/w_426,q_auto:best/v1/people/122439/headshot/67/current",Ozzie Smith,Official Hall,https://www.baseball-reference.com/players/s/smithoz01.shtml,MLB,122439
goldspa01,"https://img.mlbstatic.com/mlb-photos/image/upload/d_people:generic:headshot:67:current.png/w_426,q_auto:best/v1/people/502671/headshot/67/current",Paul Goldschmidt,Active Hall,https://www.baseball-reference.com/players/g/goldspa01.shtml,MLB,502671
molitpa01,"https://img.mlbstatic.com/mlb-photos/image/upload/d_people:generic:headshot:67:current.png/w_426,q_auto:best/v1/people/119236/headshot/67/current",Paul Molitor,Official Hall,https://www.baseball-reference.com/players/m/molitpa01.shtml,MLB,119236
wanerpa01,"https://img.mlbstatic.com/mlb-photos/image/upload/d_people:generic:headshot:67:current.png/w_426,q_auto:best/v1/people/123905/headshot/67/current",Paul Waner,Official Hall,https://www.baseball-reference.com/players/w/wanerpa01.shtml,MLB,123905
martipe02,"https://img.mlbstatic.com/mlb-photos/image/upload/d_people:generic:headshot:67:current.png/w_426,q_auto:best/v1/people/680932/headshot/67/current",Pedro Martinez,Official Hall,https://www.baseball-reference.com/players/m/martipe02.shtml,MLB,680932
reesepe01,"https://img.mlbstatic.com/mlb-photos/image/upload/d_people:generic:headshot:67:current.png/w_426,q_auto:best/v1/people/121010/headshot/67/current",Pee Wee Reese,Official Hall,https://www.baseball-reference.com/players/r/reesepe01.shtml,MLB,121010
alexape01,"https://img.mlbstatic.com/mlb-photos/image/upload/d_people:generic:headshot:67:current.png/w_426,q_auto:best/v1/people/110127/headshot/67/current",Pete Alexander,Official Hall,https://www.baseball-reference.com/players/a/alexape01.shtml,MLB,110127
hillpe99,"https://img.mlbstatic.com/mlb-photos/image/upload/d_people:generic:headshot:67:current.png/w_426,q_auto:best/v1/people/819009/headshot/67/current",Pete Hill,Official Hall,https://www.baseball-reference.com/players/h/hillpe99.shtml,MLB,819009
rosepe01,"https://img.mlbstatic.com/mlb-photos/image/upload/d_people:generic:headshot:67:current.png/w_426,q_auto:best/v1/people/121454/headshot/67/current",Pete Rose,Hall Ledger Addition,https://www.baseball-reference.com/players/r/rosepe01.shtml,MLB,121454
niekrph01,"https://img.mlbstatic.com/mlb-photos/image/upload/d_people:generic:headshot:67:current.png/w_426,q_auto:best/v1/people/119786/headshot/67/current",Phil Niekro,Official Hall,https://www.baseball-reference.com/players/n/niekrph01.shtml,MLB,119786
rizzuph01,"https://img.mlbstatic.com/mlb-photos/image/upload/d_people:generic:headshot:67:current.png/w_426,q_auto:best/v1/people/121257/headshot/67/current",Phil Rizzuto,Official Hall,https://www.baseball-reference.com/players/r/rizzuph01.shtml,MLB,121257
traynpi01,"https://img.mlbstatic.com/mlb-photos/image/upload/d_people:generic:headshot:67:current.png/w_426,q_auto:best/v1/people/123446/headshot/67/current",Pie Traynor,Official Hall,https://www.baseball-reference.com/players/t/traynpi01.shtml,MLB,123446
galvipu01,"https://img.mlbstatic.com/mlb-photos/image/upload/d_people:generic:headshot:67:current.png/w_426,q_auto:best/v1/people/114552/headshot/67/current",Pud Galvin,Official Hall,https://www.baseball-reference.com/players/g/galvipu01.shtml,MLB,114552
maranra01,"https://img.mlbstatic.com/mlb-photos/image/upload/d_people:generic:headshot:67:current.png/w_426,q_auto:best/v1/people/118276/headshot/67/current",Rabbit Maranville,Official Hall,https://www.baseball-reference.com/players/m/maranra01.shtml,MLB,118276
palmera01,"https://img.mlbstatic.com/mlb-photos/image/upload/d_people:generic:headshot:67:current.png/w_426,q_auto:best/v1/people/120191/headshot/67/current",Rafael Palmeiro,Hall Ledger Addition,https://www.baseball-reference.com/players/p/palmera01.shtml,MLB,120191
kinerra01,"https://img.mlbstatic.com/mlb-photos/image/upload/d_people:generic:headshot:67:current.png/w_426,q_auto:best/v1/people/117072/headshot/67/current",Ralph Kiner,Official Hall,https://www.baseball-reference.com/players/k/kinerra01.shtml,MLB,117072
johnsra05,"https://img.mlbstatic.com/mlb-photos/image/upload/d_people:generic:headshot:67:current.png/w_426,q_auto:best/v1/people/116615/headshot/67/current",Randy Johnson,Official Hall,https://www.baseball-reference.com/players/j/johnsra05.shtml,MLB,116615
brownra99,"https://img.mlbstatic.com/mlb-photos/image/upload/d_people:generic:headshot:67:current.png/w_426,q_auto:best/v1/people/820313/headshot/67/current",Ray Brown,Official Hall,https://www.baseball-reference.com/players/b/brownra99.shtml,MLB,820313
dandrra99,"https://img.mlbstatic.com/mlb-photos/image/upload/d_people:generic:headshot:67:current.png/w_426,q_auto:best/v1/people/819889/headshot/67/current",Ray Dandridge,Official Hall,https://www.baseball-reference.com/players/d/dandrra99.shtml,MLB,819889
schalra01,"https://img.mlbstatic.com/mlb-photos/image/upload/d_people:generic:headshot:67:current.png/w_426,q_auto:best/v1/people/121766/headshot/67/current",Ray Schalk,Official Hall,https://www.baseball-reference.com/players/s/schalra01.shtml,MLB,121766
faberre01,"https://img.mlbstatic.com/mlb-photos/image/upload/d_people:generic:headshot:67:current.png/w_426,q_auto:best/v1/people/113965/headshot/67/current",Red Faber,Official Hall,https://www.baseball-reference.com/players/f/faberre01.shtml,MLB,113965
ruffire01,"https://img.mlbstatic.com/mlb-photos/image/upload/d_people:generic:headshot:67:current.png/w_426,q_auto:best/v1/people/121547/headshot/67/current",Red Ruffing,Official Hall,https://www.baseball-reference.com/players/r/ruffire01.shtml,MLB,121547
schoere01,"https://img.mlbstatic.com/mlb-photos/image/upload/d_people:generic:headshot:67:current.png/w_426,q_auto:best/v1/people/121851/headshot/67/current",Red Schoendienst,Official Hall,https://www.baseball-reference.com/players/s/schoere01.shtml,MLB,121851
jacksre01,"https://img.mlbstatic.com/mlb-photos/image/upload/d_people:generic:headshot:67:current.png/w_426,q_auto:best/v1/people/116439/headshot/67/current",Reggie Jackson,Official Hall,https://www.baseball-reference.com/players/j/jacksre01.shtml,MLB,116439
gossari01,"https://img.mlbstatic.com/mlb-photos/image/upload/d_people:generic:headshot:67:current.png/w_426,q_auto:best/v1/people/114989/headshot/67/current",Rich Gossage,Official Hall,https://www.baseball-reference.com/players/g/gossari01.shtml,MLB,114989
ashburi01,"https://img.mlbstatic.com/mlb-photos/image/upload/d_people:generic:headshot:67:current.png/w_426,q_auto:best/v1/people/110349/headshot/67/current",Richie Ashburn,Official Hall,https://www.baseball-reference.com/players/a/ashburi01.shtml,MLB,110349
ferreri01,"https://img.mlbstatic.com/mlb-photos/image/upload/d_people:generic:headshot:67:current.png/w_426,q_auto:best/v1/people/114086/headshot/67/current",Rick Ferrell,Official Hall,https://www.baseball-reference.com/players/f/ferreri01.shtml,MLB,114086
henderi01,"https://img.mlbstatic.com/mlb-photos/image/upload/d_people:generic:headshot:67:current.png/w_426,q_auto:best/v1/people/115749/headshot/67/current",Rickey Henderson,Official Hall,https://www.baseball-reference.com/players/h/henderi01.shtml,MLB,115749
alomaro01,"https://img.mlbstatic.com/mlb-photos/image/upload/d_people:generic:headshot:67:current.png/w_426,q_auto:best/v1/people/110183/headshot/67/current",Roberto Alomar,Official Hall,https://www.baseball-reference.com/players/a/alomaro01.shtml,MLB,110183
clemero01,"https://img.mlbstatic.com/mlb-photos/image/upload/d_people:generic:headshot:67:current.png/w_426,q_auto:best/v1/people/112391/headshot/67/current",Roberto Clemente,Official Hall,https://www.baseball-reference.com/players/c/clemero01.shtml,MLB,112391
roberro01,"https://img.mlbstatic.com/mlb-photos/image/upload/d_people:generic:headshot:67:current.png/w_426,q_auto:best/v1/people/121283/headshot/67/current",Robin Roberts,Official Hall,https://www.baseball-reference.com/players/r/roberro01.shtml,MLB,121283
yountro01,"https://img.mlbstatic.com/mlb-photos/image/upload/d_people:generic:headshot:67:current.png/w_426,q_auto:best/v1/people/124721/headshot/67/current",Robin Yount,Official Hall,https://www.baseball-reference.com/players/y/yountro01.shtml,MLB,124721
canoro01,"https://img.mlbstatic.com/mlb-photos/image/upload/d_people:generic:headshot:67:current.png/w_426,q_auto:best/v1/people/429664/headshot/67/current",Robinson Cano,Passed-Over Players,https://www.baseball-reference.com/players/c/canoro01.shtml,MLB,429664
carewro01,"https://img.mlbstatic.com/mlb-photos/image/upload/d_people:generic:headshot:67:current.png/w_426,q_auto:best/v1/people/111986/headshot/67/current",Rod Carew,Official Hall,https://www.baseball-reference.com/players/c/carewro01.shtml,MLB,111986
bresnro01,"https://img.mlbstatic.com/mlb-photos/image/upload/d_people:generic:headshot:67:current.png/w_426,q_auto:best/v1/people/111433/headshot/67/current",Roger Bresnahan,Official Hall,https://www.baseball-reference.com/players/b/bresnro01.shtml,MLB,111433
clemero02,"https://img.mlbstatic.com/mlb-photos/image/upload/d_people:generic:headshot:67:current.png/w_426,q_auto:best/v1/people/112388/headshot/67/current",Roger Clemens,Hall Ledger Addition,https://www.baseball-reference.com/players/c/clemero02.shtml,MLB,112388
connoro01,"https://img.mlbstatic.com/mlb-photos/image/upload/d_people:generic:headshot:67:current.png/w_426,q_auto:best/v1/people/112589/headshot/67/current",Roger Connor,Official Hall,https://www.baseball-reference.com/players/c/connoro01.shtml,MLB,112589
hornsro01,"https://img.mlbstatic.com/mlb-photos/image/upload/d_people:generic:headshot:67:current.png/w_426,q_auto:best/v1/people/116156/headshot/67/current",Rogers Hornsby,Official Hall,https://www.baseball-reference.com/players/h/hornsro01.shtml,MLB,116156
fingero01,"https://img.mlbstatic.com/mlb-photos/image/upload/d_people:generic:headshot:67:current.png/w_426,q_auto:best/v1/people/114129/headshot/67/current",Rollie Fingers,Official Hall,https://www.baseball-reference.com/players/f/fingero01.shtml,MLB,114129
santoro01,"https://img.mlbstatic.com/mlb-photos/image/upload/d_people:generic:headshot:67:current.png/w_426,q_auto:best/v1/people/121697/headshot/67/current",Ron Santo,Official Hall,https://www.baseball-reference.com/players/s/santoro01.shtml,MLB,121697
youngro01,"https://img.mlbstatic.com/mlb-photos/image/upload/d_people:generic:headshot:67:current.png/w_426,q_auto:best/v1/people/124717/headshot/67/current",Ross Youngs,Official Hall,https://www.baseball-reference.com/players/y/youngro01.shtml,MLB,124717
camparo01,"https://img.mlbstatic.com/mlb-photos/image/upload/d_people:generic:headshot:67:current.png/w_426,q_auto:best/v1/people/111915/headshot/67/current",Roy Campanella,Official Hall,https://www.baseball-reference.com/players/c/camparo01.shtml,MLB,111915
hallaro01,"https://img.mlbstatic.com/mlb-photos/image/upload/d_people:generic:headshot:67:current.png/w_426,q_auto:best/v1/people/136880/headshot/67/current",Roy Halladay,Official Hall,https://www.baseball-reference.com/players/h/hallaro01.shtml,MLB,136880
oswalro01,"https://img.mlbstatic.com/mlb-photos/image/upload/d_people:generic:headshot:67:current.png/w_426,q_auto:best/v1/people/400061/headshot/67/current",Roy Oswalt,Passed-Over Players,https://www.baseball-reference.com/players/o/oswalro01.shtml,MLB,400061
marquru01,"https://img.mlbstatic.com/mlb-photos/image/upload/d_people:generic:headshot:67:current.png/w_426,q_auto:best/v1/people/118295/headshot/67/current",Rube Marquard,Official Hall,https://www.baseball-reference.com/players/m/marquru01.shtml,MLB,118295
wadderu01,"https://img.mlbstatic.com/mlb-photos/image/upload/d_people:generic:headshot:67:current.png/w_426,q_auto:best/v1/people/123767/headshot/67/current",Rube Waddell,Official Hall,https://www.baseball-reference.com/players/w/wadderu01.shtml,MLB,123767
sandbry01,"https://img.mlbstatic.com/mlb-photos/image/upload/d_people:generic:headshot:67:current.png/w_426,q_auto:best/v1/people/121665/headshot/67/current",Ryne Sandberg,Official Hall,https://www.baseball-reference.com/players/s/sandbry01.shtml,MLB,121665
crawfsa01,"https://img.mlbstatic.com/mlb-photos/image/upload/d_people:generic:headshot:67:current.png/w_426,q_auto:best/v1/people/112806/headshot/67/current",Sam Crawford,Official Hall,https://www.baseball-reference.com/players/c/crawfsa01.shtml,MLB,112806
ricesa01,"https://img.mlbstatic.com/mlb-photos/image/upload/d_people:generic:headshot:67:current.png/w_426,q_auto:best/v1/people/121137/headshot/67/current",Sam Rice,Official Hall,https://www.baseball-reference.com/players/r/ricesa01.shtml,MLB,121137
thompsa01,"https://img.mlbstatic.com/mlb-photos/image/upload/d_people:generic:headshot:67:current.png/w_426,q_auto:best/v1/people/123303/headshot/67/current",Sam Thompson,Official Hall,https://www.baseball-reference.com/players/t/thompsa01.shtml,MLB,123303
sosasa01,"https://img.mlbstatic.com/mlb-photos/image/upload/d_people:generic:headshot:67:current.png/w_426,q_auto:best/v1/people/122544/headshot/67/current",Sammy Sosa,Hall Ledger Addition,https://www.baseball-reference.com/players/s/sosasa01.shtml,MLB,122544
koufasa01,"https://img.mlbstatic.com/mlb-photos/image/upload/d_people:generic:headshot:67:current.png/w_426,q_auto:best/v1/people/117277/headshot/67/current",Sandy Koufax,Official Hall,https://www.baseball-reference.com/players/k/koufasa01.shtml,MLB,117277
paigesa01,"https://img.mlbstatic.com/mlb-photos/image/upload/d_people:generic:headshot:67:current.png/w_426,q_auto:best/v1/people/120181/headshot/67/current",Satchel Paige,Official Hall,https://www.baseball-reference.com/players/p/paigesa01.shtml,MLB,120181
rolensc01,"https://img.mlbstatic.com/mlb-photos/image/upload/d_people:generic:headshot:67:current.png/w_426,q_auto:best/v1/people/121409/headshot/67/current",Scott Rolen,Official Hall,https://www.baseball-reference.com/players/r/rolensc01.shtml,MLB,121409
ohtansh01,"https://img.mlbstatic.com/mlb-photos/image/upload/d_people:generic:headshot:67:current.png/w_426,q_auto:best/v1/people/660271/headshot/67/current",Shohei Ohtani,Active Hall,https://www.baseball-reference.com/players/o/ohtansh01.shtml,MLB,660271
covelst01,"https://img.mlbstatic.com/mlb-photos/image/upload/d_people:generic:headshot:67:current.png/w_426,q_auto:best/v1/people/112743/headshot/67/current",Stan Coveleski,Official Hall,https://www.baseball-reference.com/players/c/covelst01.shtml,MLB,112743
musiast01,"https://img.mlbstatic.com/mlb-photos/image/upload/d_people:generic:headshot:67:current.png/w_426,q_auto:best/v1/people/119602/headshot/67/current",Stan Musial,Official Hall,https://www.baseball-reference.com/players/m/musiast01.shtml,MLB,119602
carltst01,"https://img.mlbstatic.com/mlb-photos/image/upload/d_people:generic:headshot:67:current.png/w_426,q_auto:best/v1/people/112008/headshot/67/current",Steve Carlton,Official Hall,https://www.baseball-reference.com/players/c/carltst01.shtml,MLB,112008
lyonste01,"https://img.mlbstatic.com/mlb-photos/image/upload/d_people:generic:headshot:67:current.png/w_426,q_auto:best/v1/people/118055/headshot/67/current",Ted Lyons,Official Hall,https://www.baseball-reference.com/players/l/lyonste01.shtml,MLB,118055
simmote01,"https://img.mlbstatic.com/mlb-photos/image/upload/d_people:generic:headshot:67:current.png/w_426,q_auto:best/v1/people/122247/headshot/67/current",Ted Simmons,Official Hall,https://www.baseball-reference.com/players/s/simmote01.shtml,MLB,122247
willite01,"https://img.mlbstatic.com/mlb-photos/image/upload/d_people:generic:headshot:67:current.png/w_426,q_auto:best/v1/people/124341/headshot/67/current",Ted Williams,Official Hall,https://www.baseball-reference.com/players/w/willite01.shtml,MLB,124341
keefeti01,"https://img.mlbstatic.com/mlb-photos/image/upload/d_people:generic:headshot:67:current.png/w_426,q_auto:best/v1/people/116888/headshot/67/current",Tim Keefe,Official Hall,https://www.baseball-reference.com/players/k/keefeti01.shtml,MLB,116888
raineti01,"https://img.mlbstatic.com/mlb-photos/image/upload/d_people:generic:headshot:67:current.png/w_426,q_auto:best/v1/people/406428/headshot/67/current",Tim Raines,Official Hall,https://www.baseball-reference.com/players/r/raineti01.shtml,MLB,406428
heltoto01,"https://img.mlbstatic.com/mlb-photos/image/upload/d_people:generic:headshot:67:current.png/w_426,q_auto:best/v1/people/115732/headshot/67/current",Todd Helton,Official Hall,https://www.baseball-reference.com/players/h/heltoto01.shtml,MLB,115732
glavito02,"https://img.mlbstatic.com/mlb-photos/image/upload/d_people:generic:headshot:67:current.png/w_426,q_auto:best/v1/people/114849/headshot/67/current",Tom Glavine,Official Hall,https://www.baseball-reference.com/players/g/glavito02.shtml,MLB,114849
seaveto01,"https://img.mlbstatic.com/mlb-photos/image/upload/d_people:generic:headshot:67:current.png/w_426,q_auto:best/v1/people/121961/headshot/67/current",Tom Seaver,Official Hall,https://www.baseball-reference.com/players/s/seaveto01.shtml,MLB,121961
mccarto01,"https://img.mlbstatic.com/mlb-photos/image/upload/d_people:generic:headshot:67:current.png/w_426,q_auto:best/v1/people/118554/headshot/67/current",Tommy McCarthy,Official Hall,https://www.baseball-reference.com/players/m/mccarto01.shtml,MLB,118554
gwynnto01,"https://img.mlbstatic.com/mlb-photos/image/upload/d_people:generic:headshot:67:current.png/w_426,q_auto:best/v1/people/115270/headshot/67/current",Tony Gwynn,Official Hall,https://www.baseball-reference.com/players/g/gwynnto01.shtml,MLB,115270
lazzeto01,"https://img.mlbstatic.com/mlb-photos/image/upload/d_people:generic:headshot:67:current.png/w_426,q_auto:best/v1/people/117577/headshot/67/current",Tony Lazzeri,Official Hall,https://www.baseball-reference.com/players/l/lazzeto01.shtml,MLB,117577
olivato01,"https://img.mlbstatic.com/mlb-photos/image/upload/d_people:generic:headshot:67:current.png/w_426,q_auto:best/v1/people/119980/headshot/67/current",Tony Oliva,Official Hall,https://www.baseball-reference.com/players/o/olivato01.shtml,MLB,119980
perezto01,"https://img.mlbstatic.com/mlb-photos/image/upload/d_people:generic:headshot:67:current.png/w_426,q_auto:best/v1/people/120404/headshot/67/current",Tony Perez,Official Hall,https://www.baseball-reference.com/players/p/perezto01.shtml,MLB,120404
jackstr01,"https://img.mlbstatic.com/mlb-photos/image/upload/d_people:generic:headshot:67:current.png/w_426,q_auto:best/v1/people/116445/headshot/67/current",Travis Jackson,Official Hall,https://www.baseball-reference.com/players/j/jackstr01.shtml,MLB,116445
hoffmtr01,"https://img.mlbstatic.com/mlb-photos/image/upload/d_people:generic:headshot:67:current.png/w_426,q_auto:best/v1/people/116034/headshot/67/current",Trevor Hoffman,Official Hall,https://www.baseball-reference.com/players/h/hoffmtr01.shtml,MLB,116034
speaktr01,"https://img.mlbstatic.com/mlb-photos/image/upload/d_people:generic:headshot:67:current.png/w_426,q_auto:best/v1/people/122566/headshot/67/current",Tris Speaker,Official Hall,https://www.baseball-reference.com/players/s/speaktr01.shtml,MLB,122566
steartu99,NA,Turkey Stearnes,Official Hall,https://www.baseball-reference.com/players/s/steartu99.shtml,NA,NA
cobbty01,"https://img.mlbstatic.com/mlb-photos/image/upload/d_people:generic:headshot:67:current.png/w_426,q_auto:best/v1/people/112431/headshot/67/current",Ty Cobb,Official Hall,https://www.baseball-reference.com/players/c/cobbty01.shtml,MLB,112431
willivi01,"https://img.mlbstatic.com/mlb-photos/image/upload/d_people:generic:headshot:67:current.png/w_426,q_auto:best/v1/people/124364/headshot/67/current",Vic Willis,Official Hall,https://www.baseball-reference.com/players/w/willivi01.shtml,MLB,124364
guerrvl01,"https://img.mlbstatic.com/mlb-photos/image/upload/d_people:generic:headshot:67:current.png/w_426,q_auto:best/v1/people/115223/headshot/67/current",Vladimir Guerrero,Official Hall,https://www.baseball-reference.com/players/g/guerrvl01.shtml,MLB,115223
boggswa01,"https://img.mlbstatic.com/mlb-photos/image/upload/d_people:generic:headshot:67:current.png/w_426,q_auto:best/v1/people/111153/headshot/67/current",Wade Boggs,Official Hall,https://www.baseball-reference.com/players/b/boggswa01.shtml,MLB,111153
hoytwa01,"https://img.mlbstatic.com/mlb-photos/image/upload/d_people:generic:headshot:67:current.png/w_426,q_auto:best/v1/people/116241/headshot/67/current",Waite Hoyt,Official Hall,https://www.baseball-reference.com/players/h/hoytwa01.shtml,MLB,116241
johnswa01,"https://img.mlbstatic.com/mlb-photos/image/upload/d_people:generic:headshot:67:current.png/w_426,q_auto:best/v1/people/116635/headshot/67/current",Walter Johnson,Official Hall,https://www.baseball-reference.com/players/j/johnswa01.shtml,MLB,116635
spahnwa01,"https://img.mlbstatic.com/mlb-photos/image/upload/d_people:generic:headshot:67:current.png/w_426,q_auto:best/v1/people/122557/headshot/67/current",Warren Spahn,Official Hall,https://www.baseball-reference.com/players/s/spahnwa01.shtml,MLB,122557
fordwh01,"https://img.mlbstatic.com/mlb-photos/image/upload/d_people:generic:headshot:67:current.png/w_426,q_auto:best/v1/people/114299/headshot/67/current",Whitey Ford,Official Hall,https://www.baseball-reference.com/players/f/fordwh01.shtml,MLB,114299
brownwi02,"https://img.mlbstatic.com/mlb-photos/image/upload/d_people:generic:headshot:67:current.png/w_426,q_auto:best/v1/people/111600/headshot/67/current",Willard Brown,Official Hall,https://www.baseball-reference.com/players/b/brownwi02.shtml,MLB,111600
fostebi99,NA,Willie Foster,Official Hall,https://www.baseball-reference.com/players/f/fostebi99.shtml,NA,NA
keelewi01,"https://img.mlbstatic.com/mlb-photos/image/upload/d_people:generic:headshot:67:current.png/w_426,q_auto:best/v1/people/116891/headshot/67/current",Willie Keeler,Official Hall,https://www.baseball-reference.com/players/k/keelewi01.shtml,MLB,116891
mayswi01,"https://img.mlbstatic.com/mlb-photos/image/upload/d_people:generic:headshot:67:current.png/w_426,q_auto:best/v1/people/118495/headshot/67/current",Willie Mays,Official Hall,https://www.baseball-reference.com/players/m/mayswi01.shtml,MLB,118495
mccovwi01,"https://img.mlbstatic.com/mlb-photos/image/upload/d_people:generic:headshot:67:current.png/w_426,q_auto:best/v1/people/118605/headshot/67/current",Willie McCovey,Official Hall,https://www.baseball-reference.com/players/m/mccovwi01.shtml,MLB,118605
stargwi01,"https://img.mlbstatic.com/mlb-photos/image/upload/d_people:generic:headshot:67:current.png/w_426,q_auto:best/v1/people/122685/headshot/67/current",Willie Stargell,Official Hall,https://www.baseball-reference.com/players/s/stargwi01.shtml,MLB,122685
wellswi99,"https://img.mlbstatic.com/mlb-photos/image/upload/d_people:generic:headshot:67:current.png/w_426,q_auto:best/v1/people/816676/headshot/67/current",Willie Wells,Official Hall,https://www.baseball-reference.com/players/w/wellswi99.shtml,MLB,816676
molinya01,"https://img.mlbstatic.com/mlb-photos/image/upload/d_people:generic:headshot:67:current.png/w_426,q_auto:best/v1/people/425877/headshot/67/current",Yadier Molina,Corrective Inductions,https://www.baseball-reference.com/players/m/molinya01.shtml,MLB,425877
berrayo01,"https://img.mlbstatic.com/mlb-photos/image/upload/d_people:generic:headshot:67:current.png/w_426,q_auto:best/v1/people/110925/headshot/67/current",Yogi Berra,Official Hall,https://www.baseball-reference.com/players/b/berrayo01.shtml,MLB,110925
britzza01,"https://img.mlbstatic.com/mlb-photos/image/upload/d_people:generic:headshot:67:current.png/w_426,q_auto:best/v1/people/502154/headshot/67/current",Zack Britton,Passed-Over Players,https://www.baseball-reference.com/players/b/brittza01.shtml,MLB,502154
greinza01,"https://img.mlbstatic.com/mlb-photos/image/upload/d_people:generic:headshot:67:current.png/w_426,q_auto:best/v1/people/425844/headshot/67/current",Zack Greinke,Passed-Over Players,https://www.baseball-reference.com/players/g/greinza01.shtml,MLB,425844
wheatza01,"https://img.mlbstatic.com/mlb-photos/image/upload/d_people:generic:headshot:67:current.png/w_426,q_auto:best/v1/people/124134/headshot/67/current",Zack Wheat,Official Hall,https://www.baseball-reference.com/players/w/wheatza01.shtml,MLB,124134
